-- MySQL dump 10.13  Distrib 8.0.28, for macos11 (x86_64)
--
-- Host: ssapin.com    Database: ssapin
-- ------------------------------------------------------
-- Server version	8.0.31

/*!40101 SET @OLD_CHARACTER_SET_CLIENT=@@CHARACTER_SET_CLIENT */;
/*!40101 SET @OLD_CHARACTER_SET_RESULTS=@@CHARACTER_SET_RESULTS */;
/*!40101 SET @OLD_COLLATION_CONNECTION=@@COLLATION_CONNECTION */;
/*!50503 SET NAMES utf8 */;
/*!40103 SET @OLD_TIME_ZONE=@@TIME_ZONE */;
/*!40103 SET TIME_ZONE='+00:00' */;
/*!40014 SET @OLD_UNIQUE_CHECKS=@@UNIQUE_CHECKS, UNIQUE_CHECKS=0 */;
/*!40014 SET @OLD_FOREIGN_KEY_CHECKS=@@FOREIGN_KEY_CHECKS, FOREIGN_KEY_CHECKS=0 */;
/*!40101 SET @OLD_SQL_MODE=@@SQL_MODE, SQL_MODE='NO_AUTO_VALUE_ON_ZERO' */;
/*!40111 SET @OLD_SQL_NOTES=@@SQL_NOTES, SQL_NOTES=0 */;

--
-- Table structure for table `auth`
--

DROP TABLE IF EXISTS `auth`;
/*!40101 SET @saved_cs_client     = @@character_set_client */;
/*!50503 SET character_set_client = utf8mb4 */;
CREATE TABLE `auth` (
  `id` bigint NOT NULL AUTO_INCREMENT,
  `refresh_token` varchar(255) DEFAULT NULL,
  `user_id` bigint DEFAULT NULL,
  PRIMARY KEY (`id`),
  KEY `FK71o3g4vv7a893ax9k7mrh63cd` (`user_id`),
  CONSTRAINT `FK71o3g4vv7a893ax9k7mrh63cd` FOREIGN KEY (`user_id`) REFERENCES `user` (`id`) ON DELETE CASCADE ON UPDATE CASCADE
) ENGINE=InnoDB AUTO_INCREMENT=108 DEFAULT CHARSET=utf8mb4 COLLATE=utf8mb4_0900_ai_ci;
/*!40101 SET character_set_client = @saved_cs_client */;

--
-- Dumping data for table `auth`
--

LOCK TABLES `auth` WRITE;
/*!40000 ALTER TABLE `auth` DISABLE KEYS */;
INSERT INTO `auth` VALUES (1,'eyJyZWdEYXRlIjoxNjY4NzQ4NjE5MTkyLCJ0eXAiOiJSRUZSRVNIX1RPS0VOIiwiYWxnIjoiSFMyNTYifQ.eyJ1c2VySWQiOjEsImV4cCI6MTY2OTM1MzQxOX0.vdO4zs3KOZwuZL4-8z4G0NDRWiQ4TdV2oKLpzxNNa94',1),(2,'eyJyZWdEYXRlIjoxNjY4ODUwNjkyMDA5LCJ0eXAiOiJSRUZSRVNIX1RPS0VOIiwiYWxnIjoiSFMyNTYifQ.eyJ1c2VySWQiOjIsImV4cCI6MTY2OTQ1NTQ5Mn0.rYquh7B7C3a6bpyBIxC0KjVVCE-IVXJHmzcZuZ9tlZ0',2),(3,'eyJyZWdEYXRlIjoxNjY4NzY1MjQ5OTc1LCJ0eXAiOiJSRUZSRVNIX1RPS0VOIiwiYWxnIjoiSFMyNTYifQ.eyJ1c2VySWQiOjMsImV4cCI6MTY2OTM3MDA0OX0.WXhQkrXzyIBcCw7fikTuABbxepzN9N4QhoaNknfJ-UE',3),(4,'eyJyZWdEYXRlIjoxNjY4NzUyMjE4OTIxLCJ0eXAiOiJSRUZSRVNIX1RPS0VOIiwiYWxnIjoiSFMyNTYifQ.eyJ1c2VySWQiOjQsImV4cCI6MTY2OTM1NzAxOH0.M0AEQ6i5sZwTrPGC5JhTTtraSa4UJtumr4GXkCRR7h8',4),(5,'eyJyZWdEYXRlIjoxNjY4NzY1MTk2NDI3LCJ0eXAiOiJSRUZSRVNIX1RPS0VOIiwiYWxnIjoiSFMyNTYifQ.eyJ1c2VySWQiOjUsImV4cCI6MTY2OTM2OTk5Nn0.8Pwbm7_9kbuRsg7smQJf6H3oJFLjhzfdOwla3V3YZP4',5),(6,'eyJyZWdEYXRlIjoxNjY4NzQ5NTI1MzQ1LCJ0eXAiOiJSRUZSRVNIX1RPS0VOIiwiYWxnIjoiSFMyNTYifQ.eyJ1c2VySWQiOjYsImV4cCI6MTY2OTM1NDMyNX0.hJlqD5gA4c-9quCXn5NwEWSkWjVK6SWceFquU-Za_QA',6),(7,'eyJyZWdEYXRlIjoxNjY4Mzk4ODQxMTgwLCJ0eXAiOiJSRUZSRVNIX1RPS0VOIiwiYWxnIjoiSFMyNTYifQ.eyJ1c2VySWQiOjcsImV4cCI6MTY2OTAwMzY0MX0.wkKUQUdi6jxgMRWClIss67DY0Xuc20c_50qIq3hReE8',7),(8,'eyJyZWdEYXRlIjoxNjY4NzQ3ODM3Mzc2LCJ0eXAiOiJSRUZSRVNIX1RPS0VOIiwiYWxnIjoiSFMyNTYifQ.eyJ1c2VySWQiOjgsImV4cCI6MTY2OTM1MjYzN30.1e5wagPIEWjiZE3AoHzCuGzuMbCt6YrWrMlNSsySZko',8),(9,'eyJyZWdEYXRlIjoxNjY4MzgwNTE3MDg5LCJ0eXAiOiJSRUZSRVNIX1RPS0VOIiwiYWxnIjoiSFMyNTYifQ.eyJ1c2VySWQiOjksImV4cCI6MTY2ODk4NTMxN30.v_-Vevi2i-mIVqS1FehxahrEXpvNg1eybgUEv92ZMaY',9),(10,'eyJyZWdEYXRlIjoxNjY4NTU4NDQ3NTQ0LCJ0eXAiOiJSRUZSRVNIX1RPS0VOIiwiYWxnIjoiSFMyNTYifQ.eyJ1c2VySWQiOjEwLCJleHAiOjE2NjkxNjMyNDd9.MOz6QoJJh-yRpTAiqY54RB4vD-UBZFkDYFJUdr3LB2o',10),(11,'eyJyZWdEYXRlIjoxNjY4Mzg0NzI5NDcxLCJ0eXAiOiJSRUZSRVNIX1RPS0VOIiwiYWxnIjoiSFMyNTYifQ.eyJ1c2VySWQiOjExLCJleHAiOjE2Njg5ODk1Mjl9.-jk3Ac5CGyBqXyqDCkK0eb9QXTL4b6kcSmWRmUC9_Nw',11),(12,'eyJyZWdEYXRlIjoxNjY4NjE5MDc2ODIyLCJ0eXAiOiJSRUZSRVNIX1RPS0VOIiwiYWxnIjoiSFMyNTYifQ.eyJ1c2VySWQiOjEyLCJleHAiOjE2NjkyMjM4NzZ9.75eIaJilz5V5L4WxIpH5BZjeoaYydunOUe7IjBGCVTE',12),(13,'eyJyZWdEYXRlIjoxNjY4Mzg0NzU4NjU4LCJ0eXAiOiJSRUZSRVNIX1RPS0VOIiwiYWxnIjoiSFMyNTYifQ.eyJ1c2VySWQiOjEzLCJleHAiOjE2Njg5ODk1NTh9.vUrh_5O0qsYvWjwjFNyt7kFTzoA9uZv-FsYiNPn1fjs',13),(14,'eyJyZWdEYXRlIjoxNjY4Mzg0ODQwMzYwLCJ0eXAiOiJSRUZSRVNIX1RPS0VOIiwiYWxnIjoiSFMyNTYifQ.eyJ1c2VySWQiOjE0LCJleHAiOjE2Njg5ODk2NDB9.AmVubjOtlQW2Y7K_yxJa61G7jrrGzg-eaX4NmK-k7NQ',14),(15,'eyJyZWdEYXRlIjoxNjY4MzkyNDA3NTY2LCJ0eXAiOiJSRUZSRVNIX1RPS0VOIiwiYWxnIjoiSFMyNTYifQ.eyJ1c2VySWQiOjE1LCJleHAiOjE2Njg5OTcyMDd9.5WERRf06JMA61KOe6-mG1z4Fo8aqPYm1_OKsPwQMQQA',15),(16,'eyJyZWdEYXRlIjoxNjY4NTU4MDk2NDc2LCJ0eXAiOiJSRUZSRVNIX1RPS0VOIiwiYWxnIjoiSFMyNTYifQ.eyJ1c2VySWQiOjE2LCJleHAiOjE2NjkxNjI4OTZ9.rxv3rbCp9uYrwMVH5CbQncuqizxTJ9x8qjL-JLHKgOY',16),(17,'eyJyZWdEYXRlIjoxNjY4Mzg2MzYyNzQ5LCJ0eXAiOiJSRUZSRVNIX1RPS0VOIiwiYWxnIjoiSFMyNTYifQ.eyJ1c2VySWQiOjE3LCJleHAiOjE2Njg5OTExNjJ9.1nzuHby__tZJpvgfCFf_F1UY0dkmMpV_nO8MuMgPdH4',17),(18,'eyJyZWdEYXRlIjoxNjY4NzM2MzIyNDg0LCJ0eXAiOiJSRUZSRVNIX1RPS0VOIiwiYWxnIjoiSFMyNTYifQ.eyJ1c2VySWQiOjE4LCJleHAiOjE2NjkzNDExMjJ9.MvXpblNFJ6pjLc3fl-socfYAbjiKMt3WUJGoyH9h3dk',18),(19,'eyJyZWdEYXRlIjoxNjY4Mzg2NDY4Nzg4LCJ0eXAiOiJSRUZSRVNIX1RPS0VOIiwiYWxnIjoiSFMyNTYifQ.eyJ1c2VySWQiOjE5LCJleHAiOjE2Njg5OTEyNjh9.rlt3mBjCnBv_mfyYFW2d_HiEVojHjWi5c_UcOcE3NFU',19),(20,'eyJyZWdEYXRlIjoxNjY4NDAyNjkyOTY5LCJ0eXAiOiJSRUZSRVNIX1RPS0VOIiwiYWxnIjoiSFMyNTYifQ.eyJ1c2VySWQiOjIwLCJleHAiOjE2NjkwMDc0OTJ9.9EUB7owBCKiPvk7hZP-88ykL81ZYqLrxYxROubb1ars',20),(21,'eyJyZWdEYXRlIjoxNjY4MzkxMzY2NzExLCJ0eXAiOiJSRUZSRVNIX1RPS0VOIiwiYWxnIjoiSFMyNTYifQ.eyJ1c2VySWQiOjIxLCJleHAiOjE2Njg5OTYxNjZ9.6eKlrUcxTZPejdQ4qY31hNZKhadXz2K6IavhMtQcl9g',21),(22,'eyJyZWdEYXRlIjoxNjY4Mzk4NjY5NjQ3LCJ0eXAiOiJSRUZSRVNIX1RPS0VOIiwiYWxnIjoiSFMyNTYifQ.eyJ1c2VySWQiOjIyLCJleHAiOjE2NjkwMDM0Njl9.3SdO3knUeLXUJvkptahQx4LXk5tPVGsPYcMU6v2CfuM',22),(23,'eyJyZWdEYXRlIjoxNjY4NDAxNzY4NTc0LCJ0eXAiOiJSRUZSRVNIX1RPS0VOIiwiYWxnIjoiSFMyNTYifQ.eyJ1c2VySWQiOjIzLCJleHAiOjE2NjkwMDY1Njh9.euixmAY8tSzJmTxFwTm3fZTf63kzDy_CWvQYa6DO0rc',23),(24,'eyJyZWdEYXRlIjoxNjY4NjEwNTY3MDE1LCJ0eXAiOiJSRUZSRVNIX1RPS0VOIiwiYWxnIjoiSFMyNTYifQ.eyJ1c2VySWQiOjI0LCJleHAiOjE2NjkyMTUzNjd9.Rfyj_u0jHT_Fr04VuJxG-0dFsOqNWFLqgAl9YnRxLVw',24),(25,'eyJyZWdEYXRlIjoxNjY4NDExOTc1Njg2LCJ0eXAiOiJSRUZSRVNIX1RPS0VOIiwiYWxnIjoiSFMyNTYifQ.eyJ1c2VySWQiOjI1LCJleHAiOjE2NjkwMTY3NzV9.HCuEgE_VE5n5_Pzm4GZBI8SmBRtpCVgZFF9NrzIegDY',25),(26,'eyJyZWdEYXRlIjoxNjY4NDEyMDYwNzAzLCJ0eXAiOiJSRUZSRVNIX1RPS0VOIiwiYWxnIjoiSFMyNTYifQ.eyJ1c2VySWQiOjI2LCJleHAiOjE2NjkwMTY4NjB9.QRcWMaowbH3QwjdZWHIfV3PUswzs-RQ9aXCLFXRKZBM',26),(27,'eyJyZWdEYXRlIjoxNjY4NTg2NDgzNDgxLCJ0eXAiOiJSRUZSRVNIX1RPS0VOIiwiYWxnIjoiSFMyNTYifQ.eyJ1c2VySWQiOjI3LCJleHAiOjE2NjkxOTEyODN9.YT9DuuuJbLK0a24x-L9cAejKnxFnmmkHYbmNNRACkKQ',27),(28,'eyJyZWdEYXRlIjoxNjY4NDEyMzc5ODYzLCJ0eXAiOiJSRUZSRVNIX1RPS0VOIiwiYWxnIjoiSFMyNTYifQ.eyJ1c2VySWQiOjI4LCJleHAiOjE2NjkwMTcxNzl9.O3iP4gMRx87wR7ldNFbOlkLEhoiwW2SS9VTltdFRld0',28),(29,'eyJyZWdEYXRlIjoxNjY4NDc2ODYyMTI3LCJ0eXAiOiJSRUZSRVNIX1RPS0VOIiwiYWxnIjoiSFMyNTYifQ.eyJ1c2VySWQiOjI5LCJleHAiOjE2NjkwODE2NjJ9.D8Sy8S05ihapibr7miYQBPd-dDtjkd3Ob_fmH6Gj7j4',29),(30,'eyJyZWdEYXRlIjoxNjY4NjcyNDc0NTEzLCJ0eXAiOiJSRUZSRVNIX1RPS0VOIiwiYWxnIjoiSFMyNTYifQ.eyJ1c2VySWQiOjMwLCJleHAiOjE2NjkyNzcyNzR9.GwLtEaRl2XdwjvuDSlbIOoLDv9QdsP1s91upuZVmyR4',30),(31,'eyJyZWdEYXRlIjoxNjY4NDEzMjM4NTQyLCJ0eXAiOiJSRUZSRVNIX1RPS0VOIiwiYWxnIjoiSFMyNTYifQ.eyJ1c2VySWQiOjMxLCJleHAiOjE2NjkwMTgwMzh9.Kmpk6XPVUZDqbgnbjtq6SBzW5HMiW6zgDzZgMImgit8',31),(32,'eyJyZWdEYXRlIjoxNjY4NDEzMDk1MzI4LCJ0eXAiOiJSRUZSRVNIX1RPS0VOIiwiYWxnIjoiSFMyNTYifQ.eyJ1c2VySWQiOjMyLCJleHAiOjE2NjkwMTc4OTV9.6fNifDSBjiCOlKGYTDtzyYdr17LMNAu0tmWxobcfO_c',32),(33,'eyJyZWdEYXRlIjoxNjY4NDEzMTE3MTgyLCJ0eXAiOiJSRUZSRVNIX1RPS0VOIiwiYWxnIjoiSFMyNTYifQ.eyJ1c2VySWQiOjMzLCJleHAiOjE2NjkwMTc5MTd9.Ch2Vd6BLBFtm13Xp5NxaZ9A2LO3X3CzKvy20fcdY47E',33),(34,'eyJyZWdEYXRlIjoxNjY4NDEzMjE5MDU1LCJ0eXAiOiJSRUZSRVNIX1RPS0VOIiwiYWxnIjoiSFMyNTYifQ.eyJ1c2VySWQiOjM0LCJleHAiOjE2NjkwMTgwMTl9.sqc8PLfGWjzJtg1Z8RA7PwZL__yOt4x_Givd3YmwnOg',34),(35,'eyJyZWdEYXRlIjoxNjY4NDEzMzUzNTUxLCJ0eXAiOiJSRUZSRVNIX1RPS0VOIiwiYWxnIjoiSFMyNTYifQ.eyJ1c2VySWQiOjM1LCJleHAiOjE2NjkwMTgxNTN9.FGsvNNqqQ_xv6ds9XT8-TKT22VZIgXsPnnLLaWzBC_c',35),(36,'eyJyZWdEYXRlIjoxNjY4NDEzNDM4NjU5LCJ0eXAiOiJSRUZSRVNIX1RPS0VOIiwiYWxnIjoiSFMyNTYifQ.eyJ1c2VySWQiOjM2LCJleHAiOjE2NjkwMTgyMzh9.ZV3kMeSbOK-ZFTCRv1ksUQ9U30Uj5v82dLB6qjh8B5I',36),(37,'eyJyZWdEYXRlIjoxNjY4NDEzNTE2NDczLCJ0eXAiOiJSRUZSRVNIX1RPS0VOIiwiYWxnIjoiSFMyNTYifQ.eyJ1c2VySWQiOjM3LCJleHAiOjE2NjkwMTgzMTZ9.fST6DnPH76S750Vzz2RApN8w84Yp6GOWvlFWMuiTf0o',37),(38,'eyJyZWdEYXRlIjoxNjY4NDEzNzEyOTAzLCJ0eXAiOiJSRUZSRVNIX1RPS0VOIiwiYWxnIjoiSFMyNTYifQ.eyJ1c2VySWQiOjM4LCJleHAiOjE2NjkwMTg1MTJ9.e1k9GP7vJvlDsYQFACHJHimTmObHV9nq67jDRlhFOgQ',38),(39,'eyJyZWdEYXRlIjoxNjY4NDEzNzM0NzAxLCJ0eXAiOiJSRUZSRVNIX1RPS0VOIiwiYWxnIjoiSFMyNTYifQ.eyJ1c2VySWQiOjM5LCJleHAiOjE2NjkwMTg1MzR9.YLVMnz7IjDbQFTfiPaJKQaVW52RyZ1pxHKSgzy9Sycs',39),(40,'eyJyZWdEYXRlIjoxNjY4NDEzODc3MDQ1LCJ0eXAiOiJSRUZSRVNIX1RPS0VOIiwiYWxnIjoiSFMyNTYifQ.eyJ1c2VySWQiOjQwLCJleHAiOjE2NjkwMTg2Nzd9.hX4IQ694knHdbnRe2btdze6U-BYtLzGbmjW4eDJb9qs',40),(41,'eyJyZWdEYXRlIjoxNjY4NDEzODkzMzYzLCJ0eXAiOiJSRUZSRVNIX1RPS0VOIiwiYWxnIjoiSFMyNTYifQ.eyJ1c2VySWQiOjQxLCJleHAiOjE2NjkwMTg2OTN9.fv1TbPSCLw9F-18pMPtKq3pCGOCAQ_OafIN4YAAlR_w',41),(42,'eyJyZWdEYXRlIjoxNjY4NDE0MDA4NDQ1LCJ0eXAiOiJSRUZSRVNIX1RPS0VOIiwiYWxnIjoiSFMyNTYifQ.eyJ1c2VySWQiOjQyLCJleHAiOjE2NjkwMTg4MDh9.hP7OE6GuOS22UhoVOZ4SOced0D_K-Owts6KqXpCfQrI',42),(43,'eyJyZWdEYXRlIjoxNjY4NDE0MTYzNzQxLCJ0eXAiOiJSRUZSRVNIX1RPS0VOIiwiYWxnIjoiSFMyNTYifQ.eyJ1c2VySWQiOjQzLCJleHAiOjE2NjkwMTg5NjN9.H0n76t6ugbZZx0pbyUdD45WEslPFSUDjH9BDMKVeFwY',43),(44,'eyJyZWdEYXRlIjoxNjY4NDE0NDkzNDQ0LCJ0eXAiOiJSRUZSRVNIX1RPS0VOIiwiYWxnIjoiSFMyNTYifQ.eyJ1c2VySWQiOjQ0LCJleHAiOjE2NjkwMTkyOTN9.JYRWevTD74HfZ_91XPUyKagzDZpHTb1dcHTDU2mR-3M',44),(45,'eyJyZWdEYXRlIjoxNjY4NDE0NjE4MjI0LCJ0eXAiOiJSRUZSRVNIX1RPS0VOIiwiYWxnIjoiSFMyNTYifQ.eyJ1c2VySWQiOjQ1LCJleHAiOjE2NjkwMTk0MTh9.h_RjaIWz22FMgX0jxKjmMPnD8Gas6YA21S7Otgrjzuk',45),(46,'eyJyZWdEYXRlIjoxNjY4NDE1MzMyNTk4LCJ0eXAiOiJSRUZSRVNIX1RPS0VOIiwiYWxnIjoiSFMyNTYifQ.eyJ1c2VySWQiOjQ2LCJleHAiOjE2NjkwMjAxMzJ9.8QjDF4BWnvf4uXt1dIEbd1QAnF9V5TldHw5CZytvBBo',46),(47,'eyJyZWdEYXRlIjoxNjY4NDE1NTE0OTY2LCJ0eXAiOiJSRUZSRVNIX1RPS0VOIiwiYWxnIjoiSFMyNTYifQ.eyJ1c2VySWQiOjQ3LCJleHAiOjE2NjkwMjAzMTR9.CEgKmqq5PvVjUDe5tzmR9SXHqkImZKhajTrxQ1XjnIA',47),(48,'eyJyZWdEYXRlIjoxNjY4NDE1ODc1MTYwLCJ0eXAiOiJSRUZSRVNIX1RPS0VOIiwiYWxnIjoiSFMyNTYifQ.eyJ1c2VySWQiOjQ4LCJleHAiOjE2NjkwMjA2NzV9.BPs-Z5iQZFU9UgAHlxCteRg83tJxLVKewpsIo0otxS4',48),(49,'eyJyZWdEYXRlIjoxNjY4NDk2OTMwODIwLCJ0eXAiOiJSRUZSRVNIX1RPS0VOIiwiYWxnIjoiSFMyNTYifQ.eyJ1c2VySWQiOjQ5LCJleHAiOjE2NjkxMDE3MzB9.Rfjug-7toG-YTYz72HLGdc5qDCiYwVRiy1ZGvWrMb7U',49),(50,'eyJyZWdEYXRlIjoxNjY4NDcxODQ1NTczLCJ0eXAiOiJSRUZSRVNIX1RPS0VOIiwiYWxnIjoiSFMyNTYifQ.eyJ1c2VySWQiOjUwLCJleHAiOjE2NjkwNzY2NDV9.NTvBcgKPaHmxTXpcFG_2ikLzc91cKsUHHP5kjgTsMAc',50),(51,'eyJyZWdEYXRlIjoxNjY4NDczNzI1MTc2LCJ0eXAiOiJSRUZSRVNIX1RPS0VOIiwiYWxnIjoiSFMyNTYifQ.eyJ1c2VySWQiOjUxLCJleHAiOjE2NjkwNzg1MjV9.JjztI8zL-etqy9r29QENk_e6TAbRkruDE2SuQ7w1phs',51),(52,'eyJyZWdEYXRlIjoxNjY4NDc0ODQ2NDMxLCJ0eXAiOiJSRUZSRVNIX1RPS0VOIiwiYWxnIjoiSFMyNTYifQ.eyJ1c2VySWQiOjUyLCJleHAiOjE2NjkwNzk2NDZ9.sZz9UDxryzGAcFp6Zo-hUjaZCgCCIIVcydT2_tRWZ3w',52),(53,'eyJyZWdEYXRlIjoxNjY4NDc3Njk1OTMwLCJ0eXAiOiJSRUZSRVNIX1RPS0VOIiwiYWxnIjoiSFMyNTYifQ.eyJ1c2VySWQiOjUzLCJleHAiOjE2NjkwODI0OTV9.77AcsBXrHNHYKPZGR9lxCGfEpFgEwVk7PcVvrnYTLMA',53),(54,'eyJyZWdEYXRlIjoxNjY4NDc4ODQyMDk4LCJ0eXAiOiJSRUZSRVNIX1RPS0VOIiwiYWxnIjoiSFMyNTYifQ.eyJ1c2VySWQiOjU0LCJleHAiOjE2NjkwODM2NDJ9.3MqsSbeE4nO0HLTUzAHePSWdsaNH1Emu5bBWHdnDfjM',54),(55,'eyJyZWdEYXRlIjoxNjY4NzM1OTMyMTIyLCJ0eXAiOiJSRUZSRVNIX1RPS0VOIiwiYWxnIjoiSFMyNTYifQ.eyJ1c2VySWQiOjU1LCJleHAiOjE2NjkzNDA3MzJ9.r0u-Km7Gcl5ndYq5NGc4nsTtgShUuWHuV0l9ch-P6mM',55),(56,'eyJyZWdEYXRlIjoxNjY4NDkwOTY0OTg5LCJ0eXAiOiJSRUZSRVNIX1RPS0VOIiwiYWxnIjoiSFMyNTYifQ.eyJ1c2VySWQiOjU2LCJleHAiOjE2NjkwOTU3NjR9.5AfeCm9dxgWEEisMK3B016cMgyfBxl2BWZYnMCde1W4',56),(57,'eyJyZWdEYXRlIjoxNjY4NDk2Nzg4MjYxLCJ0eXAiOiJSRUZSRVNIX1RPS0VOIiwiYWxnIjoiSFMyNTYifQ.eyJ1c2VySWQiOjU3LCJleHAiOjE2NjkxMDE1ODh9.BMh4UzDW1vZjQR7U1P5GwZeYCbF4m6zFlXflTe6R2zo',57),(58,'eyJyZWdEYXRlIjoxNjY4NDk3NTYyOTgxLCJ0eXAiOiJSRUZSRVNIX1RPS0VOIiwiYWxnIjoiSFMyNTYifQ.eyJ1c2VySWQiOjU4LCJleHAiOjE2NjkxMDIzNjJ9._jdEoX0DLa098GSVOUWkcoD1TTq5qki09q2lLtdyHmE',58),(59,'eyJyZWdEYXRlIjoxNjY4NTAxMjE5ODY4LCJ0eXAiOiJSRUZSRVNIX1RPS0VOIiwiYWxnIjoiSFMyNTYifQ.eyJ1c2VySWQiOjU5LCJleHAiOjE2NjkxMDYwMTl9.7_syS9WqMiUe-qFoCEeHJmiEOa9N-7bTmB2jBxrGx6U',59),(60,'eyJyZWdEYXRlIjoxNjY4NTU3MDk0MDU4LCJ0eXAiOiJSRUZSRVNIX1RPS0VOIiwiYWxnIjoiSFMyNTYifQ.eyJ1c2VySWQiOjYwLCJleHAiOjE2NjkxNjE4OTR9.DLrSEmBeQKrS-ekJAOcA-ofWrybYX4tInzlubGjZNSw',60),(61,'eyJyZWdEYXRlIjoxNjY4NTY0MjU3Mzc4LCJ0eXAiOiJSRUZSRVNIX1RPS0VOIiwiYWxnIjoiSFMyNTYifQ.eyJ1c2VySWQiOjYxLCJleHAiOjE2NjkxNjkwNTd9.9YuUgPv_FwBmkzQiN-jwJRYa8_UU5O5xwsCUp6fsFCY',61),(62,'eyJyZWdEYXRlIjoxNjY4Njc3NzQxNzUwLCJ0eXAiOiJSRUZSRVNIX1RPS0VOIiwiYWxnIjoiSFMyNTYifQ.eyJ1c2VySWQiOjYyLCJleHAiOjE2NjkyODI1NDF9.i_tKynQK51tIwKk4BVIlF5Lw8tsn3VnsV_CUBTKSZug',62),(63,'eyJyZWdEYXRlIjoxNjY4NTcwNDI5MTI4LCJ0eXAiOiJSRUZSRVNIX1RPS0VOIiwiYWxnIjoiSFMyNTYifQ.eyJ1c2VySWQiOjYzLCJleHAiOjE2NjkxNzUyMjl9.NQy_yOJiJwFBn2hpklNmv6wANNF5VmiQ9gw58aWpHCM',63),(64,'eyJyZWdEYXRlIjoxNjY4NzM3MzE5NzM5LCJ0eXAiOiJSRUZSRVNIX1RPS0VOIiwiYWxnIjoiSFMyNTYifQ.eyJ1c2VySWQiOjY0LCJleHAiOjE2NjkzNDIxMTl9.o8oHRUeC-4RnGIYJRmm46-RH2pXObXDOYnLxvF3XbKs',64),(65,'eyJyZWdEYXRlIjoxNjY4NTcwNzE1MjYyLCJ0eXAiOiJSRUZSRVNIX1RPS0VOIiwiYWxnIjoiSFMyNTYifQ.eyJ1c2VySWQiOjY1LCJleHAiOjE2NjkxNzU1MTV9.VMUedHtQnDV9cR8daGvHzC8ggDfSozv4Pa4zoaef0vw',65),(66,'eyJyZWdEYXRlIjoxNjY4NTgyODc2ODc4LCJ0eXAiOiJSRUZSRVNIX1RPS0VOIiwiYWxnIjoiSFMyNTYifQ.eyJ1c2VySWQiOjY2LCJleHAiOjE2NjkxODc2NzZ9.O25Pq1SO5ESQAsc9G1vss0gTwFS771DPGeXKThTaR2c',66),(67,'eyJyZWdEYXRlIjoxNjY4NTg1MjM2OTEzLCJ0eXAiOiJSRUZSRVNIX1RPS0VOIiwiYWxnIjoiSFMyNTYifQ.eyJ1c2VySWQiOjY3LCJleHAiOjE2NjkxOTAwMzZ9.8HcwMKemAOrFElWH3uhjK0CbZ46lV_cV7JytGAxgPfU',67),(68,'eyJyZWdEYXRlIjoxNjY4NTg2NzI3MDQ1LCJ0eXAiOiJSRUZSRVNIX1RPS0VOIiwiYWxnIjoiSFMyNTYifQ.eyJ1c2VySWQiOjY4LCJleHAiOjE2NjkxOTE1Mjd9.PCTRCgobPM34_-UJvuJgSpnM70D0T4LdIf6Nhb3M2cU',68),(69,'eyJyZWdEYXRlIjoxNjY4NTg2OTE4NDYwLCJ0eXAiOiJSRUZSRVNIX1RPS0VOIiwiYWxnIjoiSFMyNTYifQ.eyJ1c2VySWQiOjY5LCJleHAiOjE2NjkxOTE3MTh9.woZwqEvubYBBQ0KRPUjVrlwxO9cQaEKOVEeqZeDCil8',69),(70,'eyJyZWdEYXRlIjoxNjY4NzQ5ODk0ODc5LCJ0eXAiOiJSRUZSRVNIX1RPS0VOIiwiYWxnIjoiSFMyNTYifQ.eyJ1c2VySWQiOjcwLCJleHAiOjE2NjkzNTQ2OTR9.9IPq6t1fVNknsvD-prg-C1lFMdvOuWdCmlJhsZTd5p8',70),(71,'eyJyZWdEYXRlIjoxNjY4NTg3NjYyNjQ2LCJ0eXAiOiJSRUZSRVNIX1RPS0VOIiwiYWxnIjoiSFMyNTYifQ.eyJ1c2VySWQiOjcxLCJleHAiOjE2NjkxOTI0NjJ9.xfKW-hKdlYxb71Sn-_VEw6NpIwK4JG49rdLFLd32oOo',71),(72,'eyJyZWdEYXRlIjoxNjY4NTg4NzU2NDQxLCJ0eXAiOiJSRUZSRVNIX1RPS0VOIiwiYWxnIjoiSFMyNTYifQ.eyJ1c2VySWQiOjcyLCJleHAiOjE2NjkxOTM1NTZ9.5SApEqZNpBLqxmrvkOZUjnz6JRNrklipvNrcOBGMmL0',72),(73,'eyJyZWdEYXRlIjoxNjY4NjAzMzgwNzAzLCJ0eXAiOiJSRUZSRVNIX1RPS0VOIiwiYWxnIjoiSFMyNTYifQ.eyJ1c2VySWQiOjczLCJleHAiOjE2NjkyMDgxODB9.3CT03ou7WmVp01GdDR0rnbjzTC3-3jDrKeqhw5LoVFY',73),(74,'eyJyZWdEYXRlIjoxNjY4NjQzNDM3NjczLCJ0eXAiOiJSRUZSRVNIX1RPS0VOIiwiYWxnIjoiSFMyNTYifQ.eyJ1c2VySWQiOjc0LCJleHAiOjE2NjkyNDgyMzd9.I8TvjPGZ6smQHQOuUEa-CUa6z3ELfjQxiATsbunHNQU',74),(75,'eyJyZWdEYXRlIjoxNjY4NjQ5MTY4NTg3LCJ0eXAiOiJSRUZSRVNIX1RPS0VOIiwiYWxnIjoiSFMyNTYifQ.eyJ1c2VySWQiOjc1LCJleHAiOjE2NjkyNTM5Njh9.ixV_bREHeZXyFkrc3MKbcvZCSDZcSQI720Mdd0k9Ir8',75),(76,'eyJyZWdEYXRlIjoxNjY4NjcyMDY3NzA4LCJ0eXAiOiJSRUZSRVNIX1RPS0VOIiwiYWxnIjoiSFMyNTYifQ.eyJ1c2VySWQiOjc2LCJleHAiOjE2NjkyNzY4Njd9.Zave4fc-qx6MzkwDWjnoXRRV_v31uH2VhodWnmRM9L4',76),(77,'eyJyZWdEYXRlIjoxNjY4NjcyMjgxMDE2LCJ0eXAiOiJSRUZSRVNIX1RPS0VOIiwiYWxnIjoiSFMyNTYifQ.eyJ1c2VySWQiOjc3LCJleHAiOjE2NjkyNzcwODF9.bVTuZ77z4cosySXtxtEqCp8dl9h4R_SkVS0x39tcpOM',77),(78,'eyJyZWdEYXRlIjoxNjY4Nzc2MjY3Mjg3LCJ0eXAiOiJSRUZSRVNIX1RPS0VOIiwiYWxnIjoiSFMyNTYifQ.eyJ1c2VySWQiOjc4LCJleHAiOjE2NjkzODEwNjd9.01KVoFBMNQTJQa8Em4XPbaLHt9IOIhH-S-tM6IhE280',78),(79,'eyJyZWdEYXRlIjoxNjY4NjcyNzAxOTI2LCJ0eXAiOiJSRUZSRVNIX1RPS0VOIiwiYWxnIjoiSFMyNTYifQ.eyJ1c2VySWQiOjc5LCJleHAiOjE2NjkyNzc1MDF9.kHbLkDT_BwsmW8K9VyZxiEaJaS9UK2cNU44Od1aeFDg',79),(80,'eyJyZWdEYXRlIjoxNjY4NjcyODczMjQ3LCJ0eXAiOiJSRUZSRVNIX1RPS0VOIiwiYWxnIjoiSFMyNTYifQ.eyJ1c2VySWQiOjgwLCJleHAiOjE2NjkyNzc2NzN9.7Mb0wi4BUjn9Y4xtohBj-uJCmIly8gW78PwjLbuW544',80),(81,'eyJyZWdEYXRlIjoxNjY4NjczMTgyOTExLCJ0eXAiOiJSRUZSRVNIX1RPS0VOIiwiYWxnIjoiSFMyNTYifQ.eyJ1c2VySWQiOjgxLCJleHAiOjE2NjkyNzc5ODJ9.0oH3wFTWK0UyzMYN7M2Hwk_0wbgXPheSOSm13XL8XVw',81),(82,'eyJyZWdEYXRlIjoxNjY4Njg1MDY3NzU0LCJ0eXAiOiJSRUZSRVNIX1RPS0VOIiwiYWxnIjoiSFMyNTYifQ.eyJ1c2VySWQiOjgyLCJleHAiOjE2NjkyODk4Njd9.N3Qyu63UsvblCxRcXo6OvfPKIVggnPtGgAbOUO1OHp0',82),(83,'eyJyZWdEYXRlIjoxNjY4Njc0NTU0MDAxLCJ0eXAiOiJSRUZSRVNIX1RPS0VOIiwiYWxnIjoiSFMyNTYifQ.eyJ1c2VySWQiOjgzLCJleHAiOjE2NjkyNzkzNTR9.Oaj9_Jo3oHwXcBhzGwA88k7GKADmWouPEBdC7hELwno',83),(84,'eyJyZWdEYXRlIjoxNjY4Njc0NzUzODI4LCJ0eXAiOiJSRUZSRVNIX1RPS0VOIiwiYWxnIjoiSFMyNTYifQ.eyJ1c2VySWQiOjg0LCJleHAiOjE2NjkyNzk1NTN9.6z6-WyJsxQcdXkFrxBR2T1VpLvctbq2sVxUJOz5iigk',84),(85,'eyJyZWdEYXRlIjoxNjY4Njc0ODgzNDY4LCJ0eXAiOiJSRUZSRVNIX1RPS0VOIiwiYWxnIjoiSFMyNTYifQ.eyJ1c2VySWQiOjg1LCJleHAiOjE2NjkyNzk2ODN9.HMehaUE4WaB9LLJzqC6bGq-ctM8nC15s0g6he-LPQcU',85),(86,'eyJyZWdEYXRlIjoxNjY4Njc0OTI1Mzc2LCJ0eXAiOiJSRUZSRVNIX1RPS0VOIiwiYWxnIjoiSFMyNTYifQ.eyJ1c2VySWQiOjg2LCJleHAiOjE2NjkyNzk3MjV9.Qer7f9nBDstmd1OjyhXa6ja7_1znKOJjp3ruR88tjCU',86),(87,'eyJyZWdEYXRlIjoxNjY4Njc2Mjk1MjE4LCJ0eXAiOiJSRUZSRVNIX1RPS0VOIiwiYWxnIjoiSFMyNTYifQ.eyJ1c2VySWQiOjg3LCJleHAiOjE2NjkyODEwOTV9.u7ITTY4VFNOjfFnVkbFHpyZMmHfcHcYBQ2HaW-Fto64',87),(88,'eyJyZWdEYXRlIjoxNjY4Njc2MzIyODk3LCJ0eXAiOiJSRUZSRVNIX1RPS0VOIiwiYWxnIjoiSFMyNTYifQ.eyJ1c2VySWQiOjg4LCJleHAiOjE2NjkyODExMjJ9.J7y7O0dwVd1eB2hS_6bJC8tgFQ7ACr9nvkaE9NPxG4k',88),(89,'eyJyZWdEYXRlIjoxNjY4Njc2NDIwMjYyLCJ0eXAiOiJSRUZSRVNIX1RPS0VOIiwiYWxnIjoiSFMyNTYifQ.eyJ1c2VySWQiOjg5LCJleHAiOjE2NjkyODEyMjB9.d16z2ZFWBF5O_iycRtNFognGt26XELIJ2iQtp0fYZzg',89),(90,'eyJyZWdEYXRlIjoxNjY4Njc3MjI5MDA3LCJ0eXAiOiJSRUZSRVNIX1RPS0VOIiwiYWxnIjoiSFMyNTYifQ.eyJ1c2VySWQiOjkwLCJleHAiOjE2NjkyODIwMjl9._jK8ozRlRhVqLN2UF3Xr8Nhn99fFO5NOTSzD7fjU3Xk',90),(91,'eyJyZWdEYXRlIjoxNjY4Njc5MjA3OTE3LCJ0eXAiOiJSRUZSRVNIX1RPS0VOIiwiYWxnIjoiSFMyNTYifQ.eyJ1c2VySWQiOjkxLCJleHAiOjE2NjkyODQwMDd9.qlAMBOqO3Rxwxv0FkXm1yI6iyjELNM5i1Ig1EwFwrhk',91),(92,'eyJyZWdEYXRlIjoxNjY4Njc5NDAyNzUzLCJ0eXAiOiJSRUZSRVNIX1RPS0VOIiwiYWxnIjoiSFMyNTYifQ.eyJ1c2VySWQiOjkyLCJleHAiOjE2NjkyODQyMDJ9.3f_1uBeFcX0oSzM0f7IBSy-uc_MkOyL8PLKUtuLzVf8',92),(93,'eyJyZWdEYXRlIjoxNjY4Njc5NDE0NTI2LCJ0eXAiOiJSRUZSRVNIX1RPS0VOIiwiYWxnIjoiSFMyNTYifQ.eyJ1c2VySWQiOjkzLCJleHAiOjE2NjkyODQyMTR9.reO8UJCdCIuLhF6ZTNTu14l6nr4CS-cPR-9DM4JW-Q8',93),(94,'eyJyZWdEYXRlIjoxNjY4NjgxNTc3MTgxLCJ0eXAiOiJSRUZSRVNIX1RPS0VOIiwiYWxnIjoiSFMyNTYifQ.eyJ1c2VySWQiOjk0LCJleHAiOjE2NjkyODYzNzd9.BTercBBqwCSQgI7PoDb2D2PHWLsh4xxEG3xi5AoRSTQ',94),(95,'eyJyZWdEYXRlIjoxNjY4Njg2OTMzODQ5LCJ0eXAiOiJSRUZSRVNIX1RPS0VOIiwiYWxnIjoiSFMyNTYifQ.eyJ1c2VySWQiOjk1LCJleHAiOjE2NjkyOTE3MzN9.GOxQY1nJ7Uwkk3GgYgULfVUbE4mUCOFc5hvc4RGBI6s',95),(96,'eyJyZWdEYXRlIjoxNjY4NjkwMjc4MjUzLCJ0eXAiOiJSRUZSRVNIX1RPS0VOIiwiYWxnIjoiSFMyNTYifQ.eyJ1c2VySWQiOjk2LCJleHAiOjE2NjkyOTUwNzh9.lpUda064feXwW8H4MpCaFHRM1V5j43l3BIOYaAj3FAk',96),(97,'eyJyZWdEYXRlIjoxNjY4NzI5NzYwMDY2LCJ0eXAiOiJSRUZSRVNIX1RPS0VOIiwiYWxnIjoiSFMyNTYifQ.eyJ1c2VySWQiOjk3LCJleHAiOjE2NjkzMzQ1NjB9.5i6IjzirLFK4j2kJWNvuVw5Do7j4cCmhT01UCVZuc5g',97),(98,'eyJyZWdEYXRlIjoxNjY4NzM2MTA3OTUyLCJ0eXAiOiJSRUZSRVNIX1RPS0VOIiwiYWxnIjoiSFMyNTYifQ.eyJ1c2VySWQiOjk4LCJleHAiOjE2NjkzNDA5MDd9.8U6teYU45CnL-xt2gjydHdQdYui7CoyXs5Z_rAL0qJ0',98),(99,'eyJyZWdEYXRlIjoxNjY4NzM3ODI5MjEyLCJ0eXAiOiJSRUZSRVNIX1RPS0VOIiwiYWxnIjoiSFMyNTYifQ.eyJ1c2VySWQiOjk5LCJleHAiOjE2NjkzNDI2Mjl9.vQ4tSOJuaAnMaHEAi0OnDe-XJwqDKd8VdFBvHyxrZ6g',99),(100,'eyJyZWdEYXRlIjoxNjY4NzM4MDkwNTE2LCJ0eXAiOiJSRUZSRVNIX1RPS0VOIiwiYWxnIjoiSFMyNTYifQ.eyJ1c2VySWQiOjEwMCwiZXhwIjoxNjY5MzQyODkwfQ.5TnLn4x63Gwl3KpUSLPTyOFm5od6O3XO4DejBApGN1s',100),(101,'eyJyZWdEYXRlIjoxNjY4NzM5ODk0NDI1LCJ0eXAiOiJSRUZSRVNIX1RPS0VOIiwiYWxnIjoiSFMyNTYifQ.eyJ1c2VySWQiOjEwMSwiZXhwIjoxNjY5MzQ0Njk0fQ.mBME0AyzFmCqytXgCXLoIt_8HjCUhn2YUOyeyNQZZcw',101),(102,'eyJyZWdEYXRlIjoxNjY4NzQ4Nzk2OTM0LCJ0eXAiOiJSRUZSRVNIX1RPS0VOIiwiYWxnIjoiSFMyNTYifQ.eyJ1c2VySWQiOjEwMiwiZXhwIjoxNjY5MzUzNTk2fQ.-N_wdCUGlFv3GjyuM_4BRkrM9moz4Pycfy03n89wxwk',102),(103,'eyJyZWdEYXRlIjoxNjY4NzQ5Njg5NDc2LCJ0eXAiOiJSRUZSRVNIX1RPS0VOIiwiYWxnIjoiSFMyNTYifQ.eyJ1c2VySWQiOjEwMywiZXhwIjoxNjY5MzU0NDg5fQ.BylsZVRz7SE8xinY1fgywrBNE1HxZPjVwwN88a1LG-o',103),(104,'eyJyZWdEYXRlIjoxNjY4NzU3NjgwOTU4LCJ0eXAiOiJSRUZSRVNIX1RPS0VOIiwiYWxnIjoiSFMyNTYifQ.eyJ1c2VySWQiOjEwNCwiZXhwIjoxNjY5MzYyNDgwfQ.YAZpMeV33eLe9goiMinzLHkH4Rl2K_ReSCRoqzsVJM4',104),(105,'eyJyZWdEYXRlIjoxNjY4NzU3ODIxNjg5LCJ0eXAiOiJSRUZSRVNIX1RPS0VOIiwiYWxnIjoiSFMyNTYifQ.eyJ1c2VySWQiOjEwNSwiZXhwIjoxNjY5MzYyNjIxfQ.Zyeg_63F1PgDSzq6CgFBeEXcQypsD2nKzZNvpR8Eabg',105),(106,'eyJyZWdEYXRlIjoxNjY4NzU4MjY3ODgxLCJ0eXAiOiJSRUZSRVNIX1RPS0VOIiwiYWxnIjoiSFMyNTYifQ.eyJ1c2VySWQiOjEwNiwiZXhwIjoxNjY5MzYzMDY3fQ.s61CbyTBEFll2EyJ3clL0fcBi76Uqo21yxEfUjCSGR8',106),(107,'eyJyZWdEYXRlIjoxNjY4ODMyNjg3MzIyLCJ0eXAiOiJSRUZSRVNIX1RPS0VOIiwiYWxnIjoiSFMyNTYifQ.eyJ1c2VySWQiOjEwNywiZXhwIjoxNjY5NDM3NDg3fQ.SH4UEMpUMYyP7o6JSAmdV9zJuJ343v4tSMxj2hqQ5J8',107);
/*!40000 ALTER TABLE `auth` ENABLE KEYS */;
UNLOCK TABLES;

--
-- Table structure for table `campus`
--

DROP TABLE IF EXISTS `campus`;
/*!40101 SET @saved_cs_client     = @@character_set_client */;
/*!50503 SET character_set_client = utf8mb4 */;
CREATE TABLE `campus` (
  `id` bigint NOT NULL AUTO_INCREMENT,
  `region` varchar(255) NOT NULL,
  PRIMARY KEY (`id`)
) ENGINE=InnoDB AUTO_INCREMENT=6 DEFAULT CHARSET=utf8mb4 COLLATE=utf8mb4_0900_ai_ci;
/*!40101 SET character_set_client = @saved_cs_client */;

--
-- Dumping data for table `campus`
--

LOCK TABLES `campus` WRITE;
/*!40000 ALTER TABLE `campus` DISABLE KEYS */;
INSERT INTO `campus` VALUES (1,'서울'),(2,'대전'),(3,'광주'),(4,'구미'),(5,'부울경');
/*!40000 ALTER TABLE `campus` ENABLE KEYS */;
UNLOCK TABLES;

--
-- Table structure for table `hashtag`
--

DROP TABLE IF EXISTS `hashtag`;
/*!40101 SET @saved_cs_client     = @@character_set_client */;
/*!50503 SET character_set_client = utf8mb4 */;
CREATE TABLE `hashtag` (
  `id` bigint NOT NULL AUTO_INCREMENT,
  `content` varchar(255) NOT NULL,
  PRIMARY KEY (`id`)
) ENGINE=InnoDB AUTO_INCREMENT=28 DEFAULT CHARSET=utf8mb4 COLLATE=utf8mb4_0900_ai_ci;
/*!40101 SET character_set_client = @saved_cs_client */;

--
-- Dumping data for table `hashtag`
--

LOCK TABLES `hashtag` WRITE;
/*!40000 ALTER TABLE `hashtag` DISABLE KEYS */;
INSERT INTO `hashtag` VALUES (1,'1인'),(2,'다수'),(3,'조용한'),(4,'햇살좋은'),(5,'붐비는'),(6,'깔끔한'),(7,'빈티지'),(8,'인스타감성'),(9,'건강한'),(10,'주차편한'),(11,'넓은'),(12,'친절한'),(13,'경치좋은'),(14,'푸짐한'),(15,'맛있는'),(16,'가성비'),(17,'밝은'),(18,'어두운'),(19,'대화'),(20,'공부'),(21,'음악감상'),(22,'회식'),(23,'산책'),(24,'코딩'),(25,'24시간'),(26,'아침일찍'),(27,'밤늦게');
/*!40000 ALTER TABLE `hashtag` ENABLE KEYS */;
UNLOCK TABLES;

--
-- Table structure for table `map`
--

DROP TABLE IF EXISTS `map`;
/*!40101 SET @saved_cs_client     = @@character_set_client */;
/*!50503 SET character_set_client = utf8mb4 */;
CREATE TABLE `map` (
  `id` bigint NOT NULL AUTO_INCREMENT,
  `access` bit(1) NOT NULL,
  `emoji` varchar(255) NOT NULL,
  `title` varchar(255) NOT NULL,
  `campus_id` bigint DEFAULT NULL,
  `user_id` bigint DEFAULT NULL,
  PRIMARY KEY (`id`),
  KEY `FK9j2isp0hbaljpj7q3h6pa7fh` (`campus_id`),
  KEY `FK6gmfcxbbakt3hloxov5e314t4` (`user_id`),
  CONSTRAINT `FK6gmfcxbbakt3hloxov5e314t4` FOREIGN KEY (`user_id`) REFERENCES `user` (`id`) ON DELETE CASCADE,
  CONSTRAINT `FK9j2isp0hbaljpj7q3h6pa7fh` FOREIGN KEY (`campus_id`) REFERENCES `campus` (`id`) ON DELETE CASCADE
) ENGINE=InnoDB AUTO_INCREMENT=91 DEFAULT CHARSET=utf8mb4 COLLATE=utf8mb4_0900_ai_ci;
/*!40101 SET character_set_client = @saved_cs_client */;

--
-- Dumping data for table `map`
--

LOCK TABLES `map` WRITE;
/*!40000 ALTER TABLE `map` DISABLE KEYS */;
INSERT INTO `map` VALUES (1,_binary '','?','철물점',1,4),(2,_binary '','???','퇴근길을 피하고 싶은 통학러 지도',1,1),(6,_binary '','???','멀캠 근처 카페 리스트',1,3),(14,_binary '','???','퇴근하고 갈만한 강남-역삼 맛집',1,3),(17,_binary '','???','분위기 좋은 화장실',1,8),(18,_binary '\0','?','역삼 근처 갈비집',1,11),(20,_binary '','??','신촌-이대 맛.zip',1,12),(21,_binary '\0','???','강남 맛집',1,15),(23,_binary '','???','책 읽고 싶을 때',1,19),(25,_binary '\0','?','가기 좋은 유원지',3,20),(26,_binary '','???','갱남 인생샷 핫플 다모여',1,21),(28,_binary '\0','⚾','야구장, 콘서트 근처 맛집',1,23),(29,_binary '','?','직접 다녔던 맛집들',4,32),(30,_binary '','?','싸피인이라면 한번쯤은 가봐야 할 맛집',1,31),(31,_binary '','???','주말에 공부하기 좋은 카페',4,34),(32,_binary '','?','먹고 걷고 마시고',3,6),(33,_binary '','?','연희에서 뭐 먹을연희?',1,12),(34,_binary '','?','연남동 먹거리 맵',1,12),(35,_binary '','?','과기대 맛집',1,49),(36,_binary '\0','???','부산 최고의 교육장소',5,50),(37,_binary '','?','대전 유잼맛집',2,6),(38,_binary '','??','한강 그리고 ??‍?',1,6),(39,_binary '\0','???','상남자는 영등포로 말한다.',1,5),(40,_binary '\0','?','하하',1,51),(41,_binary '\0','?','역삼 조용한 막걸리',1,52),(44,_binary '','?','역삼 근처 클라이밍 맛집',1,31),(45,_binary '\0','??','19반 20반 합동이벤트 미션종이',1,54),(46,_binary '','???','회식 로드',1,3),(47,_binary '\0','?‍♂','레이디까스가 있는데 젠틀맨까스는 왜 ',1,56),(48,_binary '','???','마라지 않아도 마라요~',1,6),(49,_binary '\0','???','구미 원주민 추천 맛집',4,57),(50,_binary '\0','???','국밥 = 극락',1,49),(52,_binary '\0','???','역삼 멀캠 근처 회식장소',1,10),(53,_binary '','???','강동구 맛도리들 다 모여라',1,10),(54,_binary '\0','?','동작구만',1,64),(55,_binary '\0','?','이름특이한데맛있음',1,67),(56,_binary '\0','?','멀캠 근처 최애 장소',1,68),(57,_binary '\0','?','역삼근처 개인픽',1,62),(58,_binary '','?','성수 로컬의 가성비 맛집',1,62),(59,_binary '','??','사진 맛집',1,24),(62,_binary '\0','???','맛있는거만 목는사람',2,18),(65,_binary '','?','김덕구의 돈까스로드',1,4),(66,_binary '\0','?','?충남대 근처 꿀맛 안주 술집',2,86),(67,_binary '\0','?','배고파',1,88),(68,_binary '','???','쏭파 맛집 기행기',1,2),(69,_binary '\0','?','지도',1,88),(71,_binary '','???','바쁘지만 맛점은 포기 못해~!!',5,87),(72,_binary '','???','대전 회식 추천 장소?',2,55),(73,_binary '\0','✏️','멀캠 스타-디',1,98),(74,_binary '\0','?','돈까스로드',1,70),(75,_binary '','?','역삼 한식 로드',1,70),(76,_binary '\0','?','역삼 중식 로드',1,70),(77,_binary '\0','???','오리고기는 돈 주고 사먹자!!',3,102),(78,_binary '','?','수완지구 맛집',3,102),(84,_binary '','???','프레첼공주의 프레첼맛집',1,1),(85,_binary '','?','잠실맛집 데헷쿵',1,104),(86,_binary '\0','','싸피 광주캠 최고의 맛집',3,106);
/*!40000 ALTER TABLE `map` ENABLE KEYS */;
UNLOCK TABLES;

--
-- Table structure for table `map_bookmark`
--

DROP TABLE IF EXISTS `map_bookmark`;
/*!40101 SET @saved_cs_client     = @@character_set_client */;
/*!50503 SET character_set_client = utf8mb4 */;
CREATE TABLE `map_bookmark` (
  `id` bigint NOT NULL AUTO_INCREMENT,
  `map_id` bigint DEFAULT NULL,
  `user_id` bigint DEFAULT NULL,
  PRIMARY KEY (`id`),
  KEY `FK1fa4rpm4kfplckr7phyg5utmj` (`map_id`),
  KEY `FKawamosuj31jhaempppjmspyci` (`user_id`),
  CONSTRAINT `FK1fa4rpm4kfplckr7phyg5utmj` FOREIGN KEY (`map_id`) REFERENCES `map` (`id`) ON DELETE CASCADE,
  CONSTRAINT `FKawamosuj31jhaempppjmspyci` FOREIGN KEY (`user_id`) REFERENCES `user` (`id`) ON DELETE CASCADE
) ENGINE=InnoDB AUTO_INCREMENT=144 DEFAULT CHARSET=utf8mb4 COLLATE=utf8mb4_0900_ai_ci;
/*!40101 SET character_set_client = @saved_cs_client */;

--
-- Dumping data for table `map_bookmark`
--

LOCK TABLES `map_bookmark` WRITE;
/*!40000 ALTER TABLE `map_bookmark` DISABLE KEYS */;
INSERT INTO `map_bookmark` VALUES (3,6,4),(5,2,3),(7,20,12),(26,14,5),(27,14,5),(62,26,2),(64,20,23),(69,30,31),(71,28,2),(76,39,6),(77,40,51),(79,39,1),(80,34,3),(82,20,3),(83,38,3),(84,1,4),(85,14,2),(86,44,60),(88,52,10),(90,52,16),(91,54,64),(104,14,6),(106,29,6),(107,57,62),(108,20,24),(109,59,24),(110,20,5),(111,33,5),(112,59,5),(113,58,5),(114,57,5),(115,55,5),(116,56,5),(117,54,5),(118,47,5),(119,46,5),(120,40,5),(121,38,5),(122,34,5),(123,28,5),(124,26,5),(125,62,18),(127,67,88),(129,71,87),(130,68,2),(131,68,6),(132,71,5),(133,74,70),(134,75,70),(135,77,102),(136,74,2),(137,32,102),(138,74,3),(139,76,70),(140,84,1),(141,74,1),(142,39,5),(143,62,4);
/*!40000 ALTER TABLE `map_bookmark` ENABLE KEYS */;
UNLOCK TABLES;

--
-- Table structure for table `map_hashtag`
--

DROP TABLE IF EXISTS `map_hashtag`;
/*!40101 SET @saved_cs_client     = @@character_set_client */;
/*!50503 SET character_set_client = utf8mb4 */;
CREATE TABLE `map_hashtag` (
  `id` bigint NOT NULL AUTO_INCREMENT,
  `hashtag_id` bigint DEFAULT NULL,
  `map_id` bigint DEFAULT NULL,
  PRIMARY KEY (`id`),
  KEY `FKe72db0f21mhyh3pk0942moqke` (`hashtag_id`),
  KEY `FKdis8aeoxi2mlgvc5xuy5gixjj` (`map_id`),
  CONSTRAINT `FKdis8aeoxi2mlgvc5xuy5gixjj` FOREIGN KEY (`map_id`) REFERENCES `map` (`id`) ON DELETE CASCADE,
  CONSTRAINT `FKe72db0f21mhyh3pk0942moqke` FOREIGN KEY (`hashtag_id`) REFERENCES `hashtag` (`id`) ON DELETE CASCADE
) ENGINE=InnoDB AUTO_INCREMENT=484 DEFAULT CHARSET=utf8mb4 COLLATE=utf8mb4_0900_ai_ci;
/*!40101 SET character_set_client = @saved_cs_client */;

--
-- Dumping data for table `map_hashtag`
--

LOCK TABLES `map_hashtag` WRITE;
/*!40000 ALTER TABLE `map_hashtag` DISABLE KEYS */;
INSERT INTO `map_hashtag` VALUES (1,2,1),(2,18,1),(3,20,1),(4,1,2),(5,2,2),(6,16,2),(7,15,2),(8,6,2),(9,19,2),(10,20,2),(11,24,2),(32,2,6),(33,3,6),(34,15,6),(36,23,6),(37,19,6),(74,2,14),(75,16,14),(76,15,14),(77,14,14),(93,3,17),(94,6,17),(95,9,17),(96,14,17),(97,21,17),(98,25,17),(99,2,18),(100,6,18),(101,11,18),(102,12,18),(103,15,18),(104,22,18),(105,27,18),(113,2,20),(114,9,20),(115,15,20),(116,8,20),(117,19,20),(118,22,20),(119,1,21),(120,2,21),(121,15,21),(122,16,21),(123,5,21),(124,11,21),(125,14,21),(126,18,21),(127,17,21),(128,8,21),(129,22,21),(130,27,21),(139,1,23),(140,4,23),(141,6,23),(142,8,23),(143,20,23),(144,19,23),(159,13,25),(160,3,25),(161,10,25),(162,17,25),(163,23,25),(164,26,25),(165,27,25),(166,2,26),(167,8,26),(168,19,26),(169,2,25),(170,16,29),(171,15,29),(172,19,29),(173,22,29),(174,25,29),(175,27,29),(176,5,29),(177,2,30),(178,15,30),(179,8,30),(180,5,30),(181,23,30),(182,22,30),(183,27,30),(184,25,30),(185,6,31),(186,4,31),(187,20,31),(188,25,31),(189,27,31),(190,26,31),(191,16,31),(192,11,31),(193,12,31),(194,1,32),(195,2,32),(196,4,32),(197,11,32),(198,12,32),(199,15,32),(200,14,32),(201,13,32),(202,5,32),(203,19,32),(204,23,32),(205,24,32),(206,22,32),(207,25,32),(208,26,32),(209,27,32),(210,2,33),(211,9,33),(212,15,33),(213,8,33),(214,19,33),(215,22,33),(216,2,34),(217,8,34),(218,15,34),(219,6,34),(220,19,34),(221,8,6),(222,2,35),(223,14,35),(224,15,35),(225,16,35),(226,22,35),(227,2,36),(228,3,36),(229,4,36),(230,15,36),(231,20,36),(232,1,37),(233,2,37),(234,15,37),(235,16,37),(236,14,37),(237,12,37),(238,19,37),(239,22,37),(240,23,37),(241,25,37),(242,27,37),(243,26,37),(244,2,38),(245,1,38),(246,3,38),(247,12,38),(248,13,38),(249,11,38),(250,8,38),(251,5,38),(252,17,38),(253,20,38),(254,19,38),(255,21,38),(256,24,38),(257,26,38),(258,27,38),(259,2,39),(260,22,39),(261,25,39),(262,27,39),(263,26,39),(264,16,39),(265,14,39),(266,5,39),(267,1,40),(268,3,40),(269,13,40),(270,24,40),(271,19,40),(272,26,40),(273,1,41),(274,3,41),(275,6,41),(276,15,41),(289,2,44),(290,5,44),(291,9,44),(292,11,44),(293,23,44),(294,25,44),(295,2,45),(296,5,45),(297,8,45),(298,23,45),(299,25,45),(300,2,46),(301,15,46),(302,22,46),(303,2,47),(304,12,47),(305,15,47),(306,27,47),(307,7,47),(308,22,47),(309,19,47),(310,2,48),(311,1,48),(312,14,48),(313,15,48),(314,18,48),(315,22,48),(316,27,48),(317,1,49),(318,15,49),(319,22,49),(320,27,49),(321,1,50),(322,7,50),(323,9,50),(324,16,50),(325,15,50),(326,14,50),(335,2,52),(336,6,52),(337,15,52),(338,16,52),(339,14,52),(340,12,52),(341,11,52),(342,3,52),(343,22,52),(344,19,52),(345,27,52),(346,2,53),(347,6,53),(348,15,53),(349,2,54),(350,1,54),(351,15,54),(352,14,54),(353,25,54),(354,22,54),(355,19,54),(356,1,55),(357,3,55),(358,6,55),(359,8,55),(360,18,55),(361,15,55),(362,19,55),(363,27,55),(364,1,56),(365,5,56),(366,26,56),(367,27,56),(368,2,57),(369,3,57),(370,5,57),(371,16,57),(372,14,57),(373,22,57),(374,16,58),(375,3,58),(376,15,58),(377,12,58),(378,22,58),(379,23,58),(380,24,58),(381,2,59),(382,8,59),(383,6,59),(384,3,59),(385,13,59),(386,23,59),(387,25,59),(388,1,59),(390,1,62),(391,2,62),(392,14,62),(393,16,62),(394,15,62),(399,2,65),(400,15,65),(401,14,65),(402,22,65),(403,2,66),(404,18,66),(405,15,66),(406,8,66),(407,12,66),(408,27,66),(409,1,67),(410,21,67),(411,6,67),(412,27,67),(413,3,68),(414,22,68),(415,27,68),(416,12,69),(417,20,69),(418,27,69),(427,2,71),(428,22,71),(429,15,71),(430,16,71),(431,14,71),(432,12,71),(433,5,71),(434,25,71),(435,2,72),(436,5,72),(437,22,72),(438,27,72),(439,12,72),(440,14,72),(441,2,73),(442,11,73),(443,20,73),(444,24,73),(445,26,73),(446,27,73),(447,15,74),(448,2,77),(449,3,77),(450,11,77),(451,13,77),(452,14,77),(453,15,77),(454,10,77),(455,22,77),(456,27,77),(457,5,78),(458,17,78),(459,15,78),(460,27,78),(467,1,84),(468,2,84),(469,5,84),(470,6,84),(471,15,84),(472,2,85),(473,6,85),(474,19,85),(475,22,85),(476,27,85),(477,1,86),(478,3,86),(479,25,86),(480,6,86),(481,8,86);
/*!40000 ALTER TABLE `map_hashtag` ENABLE KEYS */;
UNLOCK TABLES;

--
-- Table structure for table `map_place`
--

DROP TABLE IF EXISTS `map_place`;
/*!40101 SET @saved_cs_client     = @@character_set_client */;
/*!50503 SET character_set_client = utf8mb4 */;
CREATE TABLE `map_place` (
  `id` bigint NOT NULL AUTO_INCREMENT,
  `map_id` bigint DEFAULT NULL,
  `place_id` bigint DEFAULT NULL,
  `user_id` bigint DEFAULT NULL,
  PRIMARY KEY (`id`),
  KEY `FK7ckbsf9j0e57vs8xxh1vvg3ek` (`map_id`),
  KEY `FKtwwukkqiggqoqcjq3oe6n6u8` (`place_id`),
  KEY `FK61r6m71hip7g5lm2e14t2k798` (`user_id`),
  CONSTRAINT `FK61r6m71hip7g5lm2e14t2k798` FOREIGN KEY (`user_id`) REFERENCES `user` (`id`) ON DELETE CASCADE,
  CONSTRAINT `FK7ckbsf9j0e57vs8xxh1vvg3ek` FOREIGN KEY (`map_id`) REFERENCES `map` (`id`) ON DELETE CASCADE,
  CONSTRAINT `FKtwwukkqiggqoqcjq3oe6n6u8` FOREIGN KEY (`place_id`) REFERENCES `place` (`id`) ON DELETE CASCADE
) ENGINE=InnoDB AUTO_INCREMENT=475 DEFAULT CHARSET=utf8mb4 COLLATE=utf8mb4_0900_ai_ci;
/*!40101 SET character_set_client = @saved_cs_client */;

--
-- Dumping data for table `map_place`
--

LOCK TABLES `map_place` WRITE;
/*!40000 ALTER TABLE `map_place` DISABLE KEYS */;
INSERT INTO `map_place` VALUES (1,1,1,4),(2,1,2,4),(3,2,3,1),(4,1,4,4),(5,1,5,4),(6,2,6,1),(7,1,7,4),(8,2,8,1),(9,1,9,4),(10,1,10,4),(11,2,11,1),(12,1,12,4),(13,1,13,4),(22,2,23,1),(24,2,25,1),(26,2,27,1),(28,2,31,1),(35,6,34,3),(36,6,27,3),(37,1,37,2),(39,6,39,3),(41,6,31,3),(42,6,41,4),(71,14,63,3),(72,14,64,3),(73,14,65,3),(74,14,66,3),(75,14,67,3),(76,14,68,3),(77,14,69,3),(78,6,70,1),(79,14,71,3),(80,14,72,3),(81,14,25,3),(82,14,73,3),(85,14,76,3),(88,6,79,3),(89,14,30,1),(90,14,19,3),(91,14,80,3),(93,14,82,3),(96,14,85,5),(97,14,86,5),(98,14,87,1),(99,14,88,1),(100,14,89,1),(105,17,92,8),(106,17,93,2),(107,17,11,3),(108,17,94,3),(109,17,4,3),(110,20,95,12),(111,20,96,12),(112,20,97,12),(113,14,98,11),(114,20,99,12),(115,20,100,12),(116,20,104,12),(117,20,105,12),(118,20,106,12),(119,20,107,12),(120,20,108,12),(121,20,109,12),(122,20,110,12),(123,20,111,12),(124,20,112,12),(125,21,113,15),(126,21,23,15),(127,21,114,15),(128,21,115,15),(129,21,116,15),(130,21,117,15),(131,21,118,15),(132,21,119,15),(136,20,124,5),(137,23,125,19),(138,23,126,19),(139,23,127,19),(140,23,128,19),(141,14,129,6),(142,20,130,12),(143,14,131,12),(144,14,132,12),(145,17,135,5),(146,25,136,20),(147,25,137,20),(148,25,138,20),(149,25,139,20),(150,25,140,20),(151,25,141,20),(152,26,142,21),(153,26,143,21),(154,26,144,21),(155,26,145,21),(157,2,147,5),(158,2,83,1),(159,2,36,3),(160,28,151,23),(161,28,152,23),(162,28,153,23),(163,28,154,23),(164,28,155,23),(165,28,156,23),(166,28,157,23),(167,28,158,23),(168,28,159,23),(170,29,167,32),(171,29,166,32),(172,29,171,32),(173,29,176,32),(174,29,177,32),(175,29,179,32),(176,29,175,32),(177,29,180,32),(178,29,181,32),(179,29,182,32),(181,29,184,32),(182,29,185,32),(183,31,187,34),(184,30,49,31),(186,29,190,32),(187,31,191,34),(188,30,194,31),(189,31,195,34),(190,31,188,34),(192,30,76,31),(193,31,170,34),(194,31,198,34),(196,29,200,32),(197,30,201,31),(198,29,202,32),(199,29,203,32),(200,32,204,6),(201,29,205,34),(202,29,206,32),(203,32,207,6),(205,32,209,6),(206,30,210,31),(207,31,211,34),(208,30,212,31),(209,31,213,34),(211,32,215,6),(212,29,186,32),(213,29,222,32),(214,29,223,32),(215,20,224,12),(216,20,225,12),(217,20,226,12),(219,33,227,12),(220,33,228,12),(221,33,229,12),(222,33,230,12),(223,33,231,12),(224,33,232,12),(225,33,233,12),(226,33,234,12),(227,33,235,12),(228,33,236,12),(229,34,237,12),(230,34,238,12),(231,34,239,12),(232,34,240,12),(233,34,241,12),(234,34,242,12),(235,34,243,12),(236,14,142,4),(237,1,244,4),(238,30,160,3),(239,2,160,3),(240,6,45,3),(241,6,3,3),(242,6,49,3),(243,6,48,3),(244,6,46,3),(245,35,245,49),(246,35,246,49),(247,35,247,49),(248,35,248,49),(249,35,250,49),(250,35,251,49),(251,35,252,49),(252,37,253,6),(253,37,56,6),(254,35,255,49),(255,37,199,6),(256,37,256,6),(257,35,258,49),(258,37,259,6),(259,35,260,49),(260,35,262,49),(261,35,263,49),(262,35,264,49),(263,38,265,6),(264,38,266,6),(266,38,268,6),(267,14,270,6),(268,35,271,49),(269,39,77,5),(270,39,272,5),(271,39,273,5),(272,39,274,5),(273,39,275,5),(274,39,276,5),(275,39,277,5),(276,40,278,51),(277,38,279,6),(278,39,280,5),(279,30,165,31),(280,30,281,31),(281,39,282,5),(282,39,283,5),(283,30,30,3),(284,39,284,5),(285,39,285,5),(286,39,286,5),(287,30,287,31),(288,39,288,5),(289,39,289,5),(290,30,67,31),(291,30,290,31),(292,45,4,54),(296,2,49,1),(304,34,304,3),(305,44,305,31),(306,34,306,3),(307,34,307,3),(308,34,308,3),(309,34,309,3),(310,34,310,3),(311,34,311,3),(312,34,312,3),(313,44,313,31),(314,20,314,3),(315,44,315,31),(316,26,71,3),(317,44,316,31),(318,26,3,3),(319,38,128,3),(320,38,317,3),(323,44,320,31),(324,33,321,3),(325,33,322,3),(326,33,323,3),(327,33,324,3),(328,33,325,3),(329,23,327,3),(330,46,8,1),(331,46,164,1),(332,47,330,56),(333,41,331,52),(334,48,78,6),(335,48,332,6),(336,48,23,6),(337,48,80,6),(338,46,333,1),(339,48,19,3),(340,48,82,3),(341,23,322,1),(342,49,334,57),(343,49,335,57),(344,49,336,57),(345,49,337,57),(346,49,338,57),(347,49,339,57),(348,49,340,57),(349,49,341,57),(350,46,86,1),(351,46,342,2),(352,46,343,3),(353,46,344,3),(354,52,346,10),(355,52,347,10),(356,52,348,10),(357,53,349,10),(358,53,350,10),(359,53,351,10),(360,53,352,10),(361,53,353,10),(362,54,354,64),(363,54,355,64),(364,56,91,68),(365,35,357,68),(367,57,361,62),(368,57,362,62),(369,57,363,62),(370,58,364,62),(371,58,365,62),(372,58,366,62),(373,58,367,62),(374,58,368,62),(375,58,369,62),(376,58,370,62),(377,58,371,62),(378,20,372,24),(379,59,144,24),(380,59,3,24),(381,59,374,24),(382,59,173,24),(383,59,4,24),(384,59,345,24),(386,35,378,2),(387,14,380,2),(388,46,381,6),(389,62,56,18),(390,62,59,18),(391,62,382,18),(392,62,383,18),(393,62,384,18),(395,62,386,18),(396,62,387,18),(397,62,388,18),(398,62,389,18),(399,62,390,18),(400,62,391,18),(402,65,394,4),(403,66,395,86),(404,66,396,86),(405,66,397,86),(406,66,398,86),(407,68,294,2),(408,71,399,87),(409,71,400,87),(410,72,401,55),(411,72,402,55),(413,68,295,2),(414,68,298,2),(415,68,299,2),(416,68,404,18),(417,68,296,2),(418,68,405,2),(419,65,403,18),(420,34,406,1),(421,68,407,2),(422,68,303,2),(423,68,359,2),(424,68,302,2),(425,68,300,2),(426,68,408,2),(427,68,409,2),(428,46,410,1),(429,46,346,1),(430,68,403,18),(431,74,411,70),(432,74,330,70),(433,74,281,70),(434,74,30,70),(435,74,412,70),(436,74,413,70),(437,74,414,70),(438,75,161,70),(439,75,160,70),(440,75,415,70),(441,75,416,70),(442,75,417,70),(443,75,418,70),(444,75,194,70),(445,75,360,70),(446,75,419,70),(447,75,420,70),(448,75,421,70),(449,75,210,70),(450,75,422,70),(451,75,165,70),(452,75,423,70),(453,76,363,70),(454,76,425,70),(455,76,426,70),(456,76,427,70),(457,76,428,70),(458,76,290,70),(459,76,429,70),(460,77,431,102),(461,78,432,102),(462,78,433,102),(463,78,434,102),(464,78,435,102),(465,78,436,102),(466,78,437,102),(467,78,438,102),(468,84,439,1),(469,84,440,1),(470,84,441,1),(471,84,406,1),(473,86,443,106),(474,84,444,1);
/*!40000 ALTER TABLE `map_place` ENABLE KEYS */;
UNLOCK TABLES;

--
-- Table structure for table `map_ranking`
--

DROP TABLE IF EXISTS `map_ranking`;
/*!40101 SET @saved_cs_client     = @@character_set_client */;
/*!50503 SET character_set_client = utf8mb4 */;
CREATE TABLE `map_ranking` (
  `id` bigint NOT NULL AUTO_INCREMENT,
  `map_id` bigint DEFAULT NULL,
  PRIMARY KEY (`id`),
  KEY `FK54qpx3exog5e1kw2e98752mmw` (`map_id`),
  CONSTRAINT `FK54qpx3exog5e1kw2e98752mmw` FOREIGN KEY (`map_id`) REFERENCES `map` (`id`) ON DELETE CASCADE
) ENGINE=InnoDB AUTO_INCREMENT=81 DEFAULT CHARSET=utf8mb4 COLLATE=utf8mb4_0900_ai_ci;
/*!40101 SET character_set_client = @saved_cs_client */;

--
-- Dumping data for table `map_ranking`
--

LOCK TABLES `map_ranking` WRITE;
/*!40000 ALTER TABLE `map_ranking` DISABLE KEYS */;
INSERT INTO `map_ranking` VALUES (61,14),(62,20),(72,25),(76,29),(77,31),(73,32),(66,33),(63,34),(64,35),(80,36),(68,37),(65,39),(78,49),(67,62),(69,66),(79,71),(70,72),(74,77),(71,78),(75,86);
/*!40000 ALTER TABLE `map_ranking` ENABLE KEYS */;
UNLOCK TABLES;

--
-- Table structure for table `place`
--

DROP TABLE IF EXISTS `place`;
/*!40101 SET @saved_cs_client     = @@character_set_client */;
/*!50503 SET character_set_client = utf8mb4 */;
CREATE TABLE `place` (
  `id` bigint NOT NULL AUTO_INCREMENT,
  `address` varchar(255) NOT NULL,
  `item_id` bigint NOT NULL,
  `lat` double NOT NULL,
  `lng` double NOT NULL,
  `title` varchar(255) NOT NULL,
  PRIMARY KEY (`id`)
) ENGINE=InnoDB AUTO_INCREMENT=446 DEFAULT CHARSET=utf8mb4 COLLATE=utf8mb4_0900_ai_ci;
/*!40101 SET character_set_client = @saved_cs_client */;

--
-- Dumping data for table `place`
--

LOCK TABLES `place` WRITE;
/*!40000 ALTER TABLE `place` DISABLE KEYS */;
INSERT INTO `place` VALUES (1,'서울 강남구 논현동 208-13',2011487892,37.51375198364258,127.03215789794922,'아름다운철물점'),(2,'서울 구로구 개봉동 375-4',1110032879,37.486183166503906,126.85375213623047,'색종이'),(3,'서울 강남구 역삼동 830-67',764363993,37.49406051635742,127.03266143798828,'인포메이션카페'),(4,'서울 강남구 역삼동 718-5',21414107,37.501285552978516,127.03960418701172,'멀티캠퍼스 역삼'),(5,'서울 중구 북창동 19-4',1062153333,37.56259536743164,126.97716522216797,'농민백암순대'),(6,'서울 서초구 서초동 1319-13',769885639,37.49644470214844,127.0279312133789,'한솥도시락 강남역점'),(7,'서울 강서구 마곡동 727-1261',2016394246,37.561832427978516,126.83890533447266,'하나철물공구'),(8,'서울 강남구 역삼동 818-5',286627146,37.499900817871094,127.02863311767578,'하남돼지집 강남역CGV점'),(9,'서울 마포구 망원동 483-15',16048475,37.557865142822266,126.9057388305664,'삼성철물'),(10,'서울 성동구 성수동1가 72-41',740222778,37.5395622253418,127.0476303100586,'성수망치버거'),(11,'서울 서초구 서초동 1327-5',7977521,37.49557876586914,127.02772521972656,'스타벅스 강남삼성타운점'),(12,'서울 송파구 문정동 43-5',617466692,37.488983154296875,127.12261962890625,'망치'),(13,'서울 노원구 상계동 1063',962529970,37.67120361328125,127.05364990234375,'망치오빠인테리어'),(14,'서울 강남구 역삼동 827-61',26330842,37.496498107910156,127.03202819824219,'역삼푸른솔도서관 개방화장실'),(15,'서울 강남구 논현동 216-10',13102233,37.51099395751953,127.03244018554688,'세종한우 2호점'),(16,'서울 강남구 대치동 897-3',26575748,37.50242614746094,127.05027770996094,'봉구스밥버거 선릉역점'),(17,'서울 종로구 종로4가 177',8055849,37.57054901123047,126.99988555908203,'육회자매집 본점1호점'),(18,'서울 강남구 논현동 92',23829251,37.5218620300293,127.03662872314453,'스시코우지'),(19,'서울 강남구 역삼동 814-6',905257581,37.501644134521484,127.02633666992188,'신룽푸마라탕 강남역점'),(20,'서울 강남구 역삼동 814-6',10811159,37.50165557861328,127.0263900756836,'CGV 강남'),(21,'서울 강남구 역삼동 826-7',539054506,37.496070861816406,127.02947235107422,'랭스스터디카페 강남직영점'),(22,'서울 강남구 역삼동 819-2',18574075,37.49934387207031,127.02881622314453,'이지스터디'),(23,'서울 강남구 역삼동 817-7',2003862526,37.50028610229492,127.02752685546875,'리춘시장 강남역점'),(24,'서울 강남구 역삼동 817-35',1886791812,37.500732421875,127.0279769897461,'만화카페벌툰 강남역점'),(25,'서울 강남구 역삼동 818-1',1327345377,37.49971389770508,127.02808380126953,'고수닭갈비'),(26,'서울 강남구 역삼동 819',884654846,37.49919509887695,127.02822875976562,'오즈PC카페리저브 강남점'),(27,'서울 강남구 역삼동 668-20',890172642,37.502471923828125,127.03693389892578,'해머스미스커피 본점'),(28,'서울 강남구 역삼동 679-5',1388205922,37.50125503540039,127.03702545166016,'노브랜드버거 역삼역점'),(29,'서울 강남구 역삼동 619-26',1180198968,37.50089645385742,127.02727508544922,'악쓰는하마 코인노래방'),(30,'서울 강남구 역삼동 674-16',9292513,37.50377655029297,127.04069519042969,'와비사비'),(31,'서울 강남구 역삼동 677-18',839638289,37.50282287597656,127.04068756103516,'유로스커피로스터스 센터필드점'),(32,'서울 강남구 역삼동 637-41',27323355,37.501869201660156,127.03288269042969,'돼지통 본점'),(33,'서울 서초구 서초동 1303-37',1372079546,37.5025634765625,127.0248031616211,'하이디라오 강남점'),(34,'서울 강남구 역삼동 718-2',1372855768,37.50110626220703,127.03901672363281,'바나프레소 테헤란로점'),(35,'서울 강남구 역삼동 803-3',22905652,37.50048065185547,127.03726196289062,'역삼역 2호선 1번출구'),(36,'서울 서초구 서초동 1327-1',27402054,37.49585723876953,127.0273666381836,'폴바셋 강남삼성타운점'),(37,'서울 강남구 역삼동 745',18381580,37.49751663208008,127.03699493408203,'보성 철물전기종합공사'),(38,'대전 유성구 덕명동 154-4',10470888,36.349998474121094,127.29632568359375,'부부반점'),(39,'서울 강남구 역삼동 746',11720991,37.49756622314453,127.03813934326172,'투썸플레이스 역삼점'),(40,'대전 유성구 덕명동 600-10',1169573277,36.34834289550781,127.29975128173828,'혼밥실록 한밭대점'),(41,'서울 강남구 역삼동 703-3',20644770,37.50409698486328,127.04402923583984,'매머드커피 역삼점'),(42,'서울 강남구 역삼동 816',741246884,37.50038146972656,127.02689361572266,'메가박스 강남대로씨티'),(43,'서울 서초구 서초동 1305-7',653245473,37.500892639160156,127.02581024169922,'카카오프렌즈 강남플래그십스토어'),(44,'서울 서초구 서초동 1305-3',2114235940,37.50136184692383,127.0255126953125,'라인프렌즈 플래그십스토어 강남점'),(45,'서울 강남구 역삼동 790-6',1878355170,37.49544143676758,127.0388412475586,'fyi'),(46,'서울 강남구 역삼동 810-8',578026720,37.5029296875,127.02622985839844,'원퍼밀'),(47,'인천 미추홀구 용현동 182-21',148907090,37.45172119140625,126.65812683105469,'달리자서울포차'),(48,'서울 강남구 역삼동 618-16',2005375589,37.50282287597656,127.02780151367188,'썸띵어바웃커피'),(49,'서울 강남구 역삼동 725-57',972393172,37.49845886230469,127.03984069824219,'타우너스에스프레소바 강남점'),(50,'서울 강남구 역삼동 723-30',27480112,37.50029373168945,127.04144287109375,'바게트케이'),(51,'서울 성동구 마장동 522-2',1539453182,37.57014846801758,127.03820037841797,'인생한우'),(52,'서울 강남구 역삼동 817-21',1405262610,37.50010299682617,127.02842712402344,'키이스케이프 강남점'),(53,'서울 강남구 역삼동 811-6',1241796808,37.50331115722656,127.02714538574219,'마스터키 강남점'),(54,'인천 미추홀구 용현동 621-25',1548789388,37.45237350463867,126.63536071777344,'서울대패'),(55,'서울 강남구 역삼동 818-5',1485910055,37.499908447265625,127.02864074707031,'비밀의화원 리버타운점'),(56,'대전 대덕구 중리동 203-2',26975999,36.359230041503906,127.42660522460938,'오문창순대국밥'),(57,'대전 유성구 전민동 337-3',13691533,36.398681640625,127.40247344970703,'광세족발'),(58,'인천 미추홀구 주안동 150-4',752842520,37.462257385253906,126.68138122558594,'일백집서울포차'),(59,'대전 서구 둔산동 1396',16221233,36.35319519042969,127.38789367675781,'칼국수만드는사람들'),(60,'인천 미추홀구 주안동 551-12',1336546541,37.45655822753906,126.67582702636719,'서울김치찌개 1호점'),(61,'서울 강남구 역삼동 679-4',126578831,37.50160217285156,127.03804016113281,'아티제 역삼역점'),(62,'서울 송파구 가락동 80',13291531,37.49550247192383,127.12071990966797,'진성한우곱창'),(63,'서울 강남구 역삼동 825-20',5955176,37.497745513916016,127.0292739868164,'제레미20 강남역점'),(64,'서울 강남구 역삼동 817-31',1238400864,37.500404357910156,127.0279769897461,'땀땀'),(65,'서울 강남구 역삼동 816-3',25036974,37.499794006347656,127.0271987915039,'프리모바치오바치 강남점'),(66,'서울 서초구 서초동 1316-29',1411581285,37.49831008911133,127.02523040771484,'미즈컨테이너 강남웨스트점'),(67,'서울 강남구 역삼동 813-14',18597642,37.50217056274414,127.02680969238281,'미즈컨테이너 이스트점'),(68,'서울 강남구 역삼동 812-15',414107084,37.5025634765625,127.02733612060547,'무월식탁 강남본점'),(69,'서울 강남구 역삼동 617-6',260283466,37.50324249267578,127.0278549194336,'구구당'),(70,'서울 강남구 역삼동 678-29',143905145,37.50217056274414,127.03937530517578,'블루샥 역삼점'),(71,'서울 강남구 역삼동 616-18',1124684582,37.50337600708008,127.0276107788086,'어거스트힐 강남점'),(72,'서울 강남구 역삼동 617-3',1598506723,37.502967834472656,127.02764892578125,'파파야리프'),(73,'서울 강남구 논현동 201-12',990766757,37.50519561767578,127.02570343017578,'상무초밥 강남역점'),(74,'서울 강남구 역삼동 752-53',8199914,37.49433898925781,127.03390502929688,'굽네치킨 역삼1동점'),(75,'서울 강남구 역삼동 813-4',2046978312,37.50262451171875,127.0263671875,'버거스올마이티 강남역점'),(76,'서울 강남구 역삼동 669-18',12026995,37.50267028808594,127.03755950927734,'지아니스나폴리 역삼점'),(77,'서울 영등포구 영등포동2가 221-1',12048202,37.51936340332031,126.910888671875,'대한옥'),(78,'서울 강남구 역삼동 670-22',1221274774,37.502838134765625,127.03800964355469,'양궈푸마라탕 역삼1호점'),(79,'서울 강남구 역삼동 719-24',2094295768,37.50092697143555,127.0407485961914,'텐퍼센트커피 역삼센트럴점'),(80,'서울 강남구 역삼동 814-6',1087348768,37.501644134521484,127.02633666992188,'춘리마라탕 강남CGV직영점'),(81,'서울 관악구 봉천동 1621-35',25592312,37.477439880371094,126.9566879272461,'동네아저씨치킨'),(82,'서울 강남구 역삼동 619-17',1665040674,37.501243591308594,127.02709197998047,'중경마라탕 강남역점'),(83,'서울 강남구 역삼동 642-1',1782278964,37.5015869140625,127.03550720214844,'써브웨이 역삼점'),(84,'서울 강남구 역삼동 818-1',19157089,37.499778747558594,127.0279769897461,'써브웨이 강남역점'),(85,'서울 서초구 서초동 1320-10',1662014547,37.496585845947266,127.02693939208984,'쿠차라 삼성서초사옥점'),(86,'서울 강남구 역삼동 836-72',2045551139,37.491756439208984,127.0343246459961,'명륜진사갈비 강남역삼점'),(87,'서울 강남구 역삼동 642-10',8017818,37.50200271606445,127.03614807128906,'KFC 역삼역점'),(88,'서울 서초구 서초동 1309-8',141623703,37.5018424987793,127.02464294433594,'할랄가이즈 강남역점'),(89,'서울 서초구 서초동 1317',27587576,37.49889373779297,127.02539825439453,'동대문엽기떡볶이 강남역점'),(90,'서울 강남구 역삼동 827-70',1660541930,37.49557876586914,127.03184509277344,'노래야노래야 코인노래연습장 역삼점'),(91,'서울 강남구 역삼동 804',21160619,37.500675201416016,127.03646850585938,'역삼역 2호선'),(92,'서울 강남구 역삼동 826-26',17884744,37.496490478515625,127.02961730957031,'스타벅스 강남비젼타워점'),(93,'서울 강남구 역삼동 737',9196645,37.50004577636719,127.03652954101562,'아티제 GFC점'),(94,'서울 서초구 서초동 1374',17495203,37.49660873413086,127.02796936035156,'강남역 신분당선 6번출구'),(95,'서울 서대문구 창천동 2-44',26976526,37.55924606323242,126.93843841552734,'라구식당'),(96,'서울 서대문구 창천동 13-83',2136199979,37.557403564453125,126.93795013427734,'소담식당'),(97,'서울 서대문구 대현동 101-6',823324252,37.55776596069336,126.94306945800781,'마포깐풍기'),(98,'서울 강남구 역삼동 735-7',1615025025,37.499366760253906,127.03375244140625,'송추가마골인어반 강남점'),(99,'서울 서대문구 대현동 54-4',8117216,37.55841827392578,126.94606018066406,'티앙팡 오후에 홍차 1호점'),(100,'서울 서대문구 대현동 54-4',1689029862,37.558433532714844,126.9459457397461,'북카페파오'),(101,'서울 강남구 역삼동 831-55',889210036,37.49393844604492,127.03092956542969,'죠샌드위치 역삼키토선생점'),(102,'서울 강남구 역삼동 825',35026031,37.49767303466797,127.0284423828125,'스타벅스 강남R점'),(103,'서울 서초구 반포동 118-3',25502514,37.50307083129883,127.00445556640625,'스타벅스 파미에파크R점'),(104,'서울 서대문구 대현동 56-33',12162444,37.558067321777344,126.94509887695312,'삭 이대본점'),(105,'서울 서대문구 대현동 53-15',1675286779,37.558387756347656,126.94622802734375,'까이식당'),(106,'서울 서대문구 대현동 37-75',269586816,37.55883026123047,126.94428253173828,'모미지식당'),(107,'서울 서대문구 대현동 34-40',27108529,37.559574127197266,126.9439468383789,'카우떡볶이'),(108,'서울 서대문구 대현동 34-44',686552236,37.55948257446289,126.9439468383789,'카페 코지'),(109,'서울 서대문구 대현동 37-2',12045952,37.558860778808594,126.94448852539062,'너스레'),(110,'서울 서대문구 창천동 52-71',15516966,37.55778884887695,126.93531036376953,'연대포'),(111,'서울 서대문구 창천동 52-157',8571672,37.55887222290039,126.93541717529297,'포석정'),(112,'서울 서대문구 창천동 4-77',19852273,37.55891799926758,126.94052124023438,'호밀밭'),(113,'서울 강남구 역삼동 814-5',18839446,37.50224304199219,127.02625274658203,'셰막 강남점'),(114,'서울 강남구 역삼동 820-1',95713992,37.49961471557617,127.02753448486328,'장인닭갈비 강남점'),(115,'서울 서초구 서초동 1307-16',1555486828,37.500247955322266,127.02506256103516,'금복주류 강남역점'),(116,'서울 강남구 역삼동 619-28',504236629,37.500823974609375,127.02750396728516,'왕스펍'),(117,'서울 강남구 역삼동 812-18',1757399379,37.502437591552734,127.02710723876953,'꼭그닭'),(118,'서울 강남구 역삼동 817-30',1950857675,37.50050354003906,127.028076171875,'오레노라멘 강남점'),(119,'서울 강남구 역삼동 817',505819281,37.50055694580078,127.02826690673828,'부엉이산장 강남점'),(120,'서울 동작구 흑석동 190-49',1656084578,37.50741195678711,126.95963287353516,'칠기마라샹궈마라탕 중앙대점'),(121,'서울 중랑구 면목동 637-14',1814712355,37.58074951171875,127.08592224121094,'맘모스'),(122,'서울 동작구 흑석동 43-3',832603565,37.507423400878906,126.96473693847656,'재팔이네닭발 본점'),(123,'서울 동작구 흑석동 9-27',1658842903,37.50761413574219,126.96490478515625,'필수'),(124,'서울 서대문구 창천동 30-1',1837046253,37.55673599243164,126.93656158447266,'보울룸 신촌점'),(125,'서울 송파구 송파동 45-18',244820280,37.50835418701172,127.10958099365234,'뷰클런즈'),(126,'서울 강남구 역삼동 696-39',500799854,37.50603485107422,127.04792785644531,'최인아책방'),(127,'서울 종로구 권농동 191-3',1982729295,37.573890686035156,126.99238586425781,'파이키'),(128,'서울 마포구 마포동 388-5',2072126681,37.53567886352539,126.94427490234375,'채그로'),(129,'서울 강남구 대치동 900-56',1580574843,37.50343704223633,127.05388641357422,'단초식당 선릉점'),(130,'서울 서대문구 대현동 56-76',2016357288,37.55867004394531,126.94554138183594,'리화인와플'),(131,'서울 강남구 역삼동 817-15',27587532,37.500244140625,127.02798461914062,'나즈드라비 본점'),(132,'서울 강남구 역삼동 619-18',1390075695,37.501129150390625,127.02714538574219,'청담이상 강남역점'),(133,'서울 강남구 역삼동 837-26',24924709,37.49090576171875,127.03242492675781,'봉구스밥버거 역삼삼일점'),(134,'서울 송파구 신천동 29',23444676,37.512603759765625,127.10255432128906,'롯데월드타워'),(135,'서울 강남구 삼성동 113-27',26334430,37.51030349731445,127.04637908935547,'강남구치매지원센터 및 공영주차장 개방화장실'),(136,'광주 북구 생용동 산 127-2',8114840,35.22431564331055,126.89424133300781,'광주패밀리랜드'),(137,'광주 서구 쌍촌동 869-9',15151263,35.14795684814453,126.8549575805664,'운천호수공원'),(138,'광주 동구 지산동 산 56-1',10778503,35.14939880371094,126.94910430908203,'지산유원지'),(139,'광주 북구 청풍동 255-2',23182095,35.16400909423828,126.96016693115234,'제4수원지'),(140,'광주 북구 용봉동 1116-2',17568626,35.17259979248047,126.90204620361328,'전남대학교 운동장'),(141,'광주 동구 광산동 13',24727634,35.14883041381836,126.92149353027344,'국립아시아문화전당 하늘마당'),(142,'서울 강남구 역삼동 818-14',26330643,37.499481201171875,127.02809143066406,'마녀주방 강남점'),(143,'서울 강남구 역삼동 812-3',1868219501,37.50307083129883,127.02727508544922,'겟썸커피 다운스테어즈'),(144,'서울 강남구 역삼동 618-11',22837049,37.50297927856445,127.02812194824219,'알베르'),(145,'서울 서초구 서초동 1308-12',16733211,37.500770568847656,127.0253677368164,'카페슬로우'),(146,'서울 영등포구 여의도동',13121007,37.525089263916016,126.94754791259766,'한강'),(147,'서울 강동구 천호동 563',18967907,37.5412483215332,127.12598419189453,'후아유'),(148,'대전 중구 오류동 158-6',9211079,36.322513580322266,127.40878295898438,'수정삼겹살'),(149,'서울 강남구 대치동 892',1860681564,37.50596618652344,127.05587768554688,'테라로사 포스코센터점'),(150,'서울 강남구 역삼동 817-30',353333104,37.5004997253418,127.028076171875,'떡도리탕 강남점'),(151,'서울 송파구 삼전동 128-2',18085577,37.5057258605957,127.09648132324219,'잠실황소곱창'),(152,'서울 송파구 잠실동 10',277314880,37.51620101928711,127.07594299316406,'명인만두 잠실야구장3루점'),(153,'서울 송파구 잠실동 10-1',27469656,37.51295852661133,127.07230377197266,'공씨네주먹밥 잠실야구장3호점'),(154,'서울 송파구 잠실동 10-1',427972214,37.511756896972656,127.07283782958984,'델스푼 잠실야구장점'),(155,'서울 송파구 석촌동 23-3',1709020622,37.50590515136719,127.09919738769531,'잠수교집 3호점'),(156,'서울 송파구 송파동 11-2',215680652,37.50828552246094,127.10663604736328,'평화집'),(157,'서울 송파구 잠실동 192-8',117149412,37.50990295410156,127.08114624023438,'별미곱창 잠실점'),(158,'서울 송파구 잠실동 207-5',17515271,37.50924301147461,127.08502960205078,'동북양꼬치'),(159,'서울 송파구 잠실동 195-10',1181524598,37.509883880615234,127.07971954345703,'도삭면공방'),(160,'서울 강남구 역삼2동 723',13288266,37.50047302246094,127.04064178466797,'시골집 역삼본점'),(161,'서울 강남구 역삼동 719-8',26576845,37.50125503540039,127.04022216796875,'순남시래기 역삼점'),(162,'서울 강남구 역삼동 644-5',431631970,37.5009765625,127.03437805175781,'스매쉬치즈버거'),(163,'서울 강남구 역삼동 645-15',2020023048,37.50125503540039,127.03385925292969,'뜸들이다 역삼점'),(164,'서울 강남구 역삼동 736-55',218274780,37.4996337890625,127.03583526611328,'바스버거 역삼점'),(165,'서울 강남구 역삼동 647-3',845927459,37.50063705444336,127.0330581665039,'강경불고기 역삼점'),(166,'경북 구미시 인의동 843-1',17408135,36.102699279785156,128.4232940673828,'남다른감자탕 구미인동점'),(167,'경북 구미시 황상동 308-2',15358130,36.10775375366211,128.4204864501953,'돌담집 본점'),(168,'서울 강남구 역삼동 637-20',1560960698,37.50083923339844,127.03256225585938,'텐퍼센트커피 역삼점'),(169,'서울 강남구 역삼동 700-29',1829044826,37.50479507446289,127.04342651367188,'동래정 선릉직영점'),(170,'경북 구미시 황상동 306-2',16546181,36.107906341552734,128.4202423095703,'탐앤탐스 구미인동점'),(171,'경북 구미시 황상동 302',1932337644,36.10898971557617,128.42042541503906,'용용선생 구미인동점'),(172,'서울 강남구 대치동 942-19',1513930455,37.50625991821289,127.05845642089844,'바나프레소 대치점'),(173,'서울 강남구 역삼동 635-1',10657560,37.501338958740234,127.0304183959961,'역삼문화공원'),(174,'서울 은평구 신사동 336-3',15097612,37.5918083190918,126.91352844238281,'마마수제만두'),(175,'경북 구미시 황상동 320-4',1078110290,36.10915756225586,128.42044067382812,'역전할머니맥주 구미인동점'),(176,'경북 구미시 인의동 842-6',18766849,36.10302734375,128.423095703125,'와촌식육식당 인동점'),(177,'경북 구미시 황상동 313-5',1042547850,36.10741424560547,128.4191131591797,'샐러디 구미인동점'),(178,'경북 구미시 임수동 94-1',26386129,36.10706329345703,128.41688537597656,'삼성전자한마음스포츠프라자'),(179,'경북 구미시 진평동 90-1',12411654,36.094276428222656,128.42788696289062,'송화'),(180,'경북 구미시 인의동 590-2',1469654569,36.103431701660156,128.42474365234375,'선하종합수산 본점'),(181,'경북 구미시 인의동 840-10',1822460313,36.10334014892578,128.4227752685547,'원더우먼'),(182,'경북 구미시 황상동 305-2',2143432529,36.10866928100586,128.41868591308594,'단골손님 구미인동점'),(183,'대전 대덕구 중리동 406-13',9524501,36.35973358154297,127.42254638671875,'통일면옥'),(184,'경북 구미시 황상동 303-2',844879399,36.10908508300781,128.4195556640625,'탐라포차 구미인동점'),(185,'경북 구미시 원평동 304-4',1147000344,36.128623962402344,128.33544921875,'다온좋은일이다오는 원평점'),(186,'경북 구미시 인의동 367-19',16775833,36.10762023925781,128.42291259765625,'60년'),(187,'경북 구미시 진평동 1026-1',20458466,36.10639953613281,128.41876220703125,'투썸플레이스 구미인동점'),(188,'경북 구미시 황상동 305-26',7968239,36.10788345336914,128.41859436035156,'스타벅스 구미인동점'),(189,'경북 구미시 옥계동 837-12',717773355,36.137908935546875,128.41856384277344,'카페은'),(190,'경북 구미시 형곡동 698-1',20908219,36.10614776611328,128.33172607421875,'카페그곳에'),(191,'경북 구미시 인의동 367-10',1929014411,36.10786819458008,128.42263793945312,'카페은 인동점'),(192,'대전 유성구 노은동 535-29',18743937,36.36780548095703,127.3223876953125,'쓰촨'),(193,'서울 강남구 역삼동 721-17',2140766203,37.50114440917969,127.0431137084961,'스타벅스 역삼아레나빌딩점'),(194,'서울 강남구 역삼동 671-19',1977332252,37.50297927856445,127.03848266601562,'유미식당 본점'),(195,'경북 구미시 인의동 790-46',27076092,36.10699462890625,128.42083740234375,'스타벅스 구미인의점'),(196,'대전 유성구 노은동 534-9',26014689,36.367549896240234,127.32237243652344,'오리사냥 노은점'),(197,'대전 중구 대흥동 464-1',1865995943,36.32555389404297,127.42330932617188,'스시쿠루마'),(198,'경북 구미시 진평동 536',27359484,36.10234832763672,128.4203643798828,'카페쑤'),(199,'대전 동구 삼성동 304-36',16302660,36.34206008911133,127.42510223388672,'오씨칼국수'),(200,'경북 구미시 황상동 303-34',16019588,36.10898208618164,128.41897583007812,'참국수'),(201,'서울 강남구 역삼동 670-20',24909032,37.502994537353516,127.03812408447266,'진가와 한국본점'),(202,'경북 구미시 인의동 1004-1',27097139,36.095298767089844,128.43153381347656,'맥도날드 구미인동DT점'),(203,'경북 구미시 진평동 92-7',1581736400,36.09312057495117,128.42955017089844,'역전할머니맥주 구미진평점'),(204,'광주 광산구 비아동 707-6',15619644,35.2209587097168,126.82440185546875,'유정식육식당'),(205,'경북 구미시 인의동 364-4',10744891,36.109336853027344,128.4228057861328,'일품칼국수'),(206,'경북 구미시 진평동 26-10',842129435,36.09758377075195,128.424560546875,'반갑다친구포차'),(207,'광주 광산구 쌍암동 653-1',8412111,35.22373962402344,126.8434066772461,'쌍암공원'),(208,'대전 서구 둔산동 1440',16800756,36.34992980957031,127.38818359375,'미진'),(209,'광주 광산구 쌍암동 654-18',24546071,35.22163391113281,126.843505859375,'홀라로사'),(210,'서울 강남구 역삼동 641-18',7819490,37.50270462036133,127.03522491455078,'대우부대찌개'),(211,'경북 구미시 황상동 293-2',750753165,36.10710525512695,128.42037963867188,'설렘커피 인동점'),(212,'서울 강남구 역삼동 718-34',1984037177,37.500423431396484,127.0394287109375,'반미362 강남점'),(213,'경북 구미시 진평동 1023-1',19312690,36.107177734375,128.41796875,'이디야커피 구미인동점'),(214,'서울 강남구 역삼동 830-67',1266451366,37.49407958984375,127.03267669677734,'슬로우앤로 역삼점'),(215,'광주 북구 신용동 368',26477254,35.214778900146484,126.85820007324219,'거징이쉼터'),(216,'부산 강서구 명지동 3438',1384250418,35.0931510925293,128.91812133789062,'이마트트레이더스 명지점'),(217,'광주 광산구 장덕동 1659',17796192,35.190406799316406,126.8184585571289,'국수나무 광주수완점'),(218,'부산 강서구 명지동 3420-1',1586851743,35.09766387939453,128.9202423095703,'스타벅스 명지국제신도시점'),(219,'부산 강서구 명지동 3603-7',590276166,35.09282684326172,128.90884399414062,'투썸플레이스 명지대방점'),(220,'부산 강서구 송정동 1631-6',1961353669,35.09065246582031,128.85494995117188,'컴포즈커피 녹산공단점'),(221,'광주 광산구 수완동 1689',735571997,35.18901062011719,126.8294677734375,'백두산 수완점'),(222,'경북 구미시 원평동 423-18',27100677,36.125221252441406,128.332763671875,'다담뜰한식뷔페 구미점'),(223,'경북 구미시 진평동 87-1',1452330745,36.09418869018555,128.42906188964844,'한잔할래'),(224,'서울 서대문구 창천동 53-20',11634686,37.55807113647461,126.93460845947266,'야바이'),(225,'서울 마포구 노고산동 54-3',27383419,37.555015563964844,126.93460083007812,'끼로끼로부엉이 본점'),(226,'서울 서대문구 창천동 52-124',27588088,37.5582389831543,126.93604278564453,'한림돈가'),(227,'서울 서대문구 연희동 130-8',1146973099,37.56743621826172,126.92906188964844,'바늘이야기 연희직영점'),(228,'서울 서대문구 연희동 132-51',462679408,37.5679817199707,126.93059539794922,'연희보리밥'),(229,'서울 서대문구 연희동 90-1',273114016,37.57032775878906,126.93218231201172,'콘하스 연희점'),(230,'서울 서대문구 연희동 190-3',1701450327,37.56709671020508,126.92877197265625,'보연희'),(231,'서울 서대문구 연희동 420-1',1650771621,37.566566467285156,126.9254150390625,'미도파커피하우스'),(232,'서울 서대문구 연희동 129-6',1814613508,37.568138122558594,126.92900848388672,'컬러드빈'),(233,'서울 서대문구 연희동 128-27',1980694762,37.56731414794922,126.9281234741211,'푸어링아웃'),(234,'서울 서대문구 연희동 192-4',1161755224,37.56636047363281,126.92800903320312,'르솔레이'),(235,'서울 서대문구 연희동 132-51',953873498,37.56800842285156,126.93058013916016,'째보식당'),(236,'서울 서대문구 연희동 124-44',1649616459,37.5687255859375,126.93026733398438,'연희별밥'),(237,'서울 마포구 연남동 383-100',1632468236,37.561527252197266,126.92656707763672,'프리즘연남'),(238,'서울 마포구 연남동 383-23',28668288,37.56134796142578,126.92636108398438,'카멜로연남'),(239,'서울 마포구 동교동 113-25',1232449233,37.56046676635742,126.92572021484375,'연남취향'),(240,'서울 마포구 연남동 568-15',149766335,37.55979919433594,126.92094421386719,'코코로카라'),(241,'서울 마포구 연남동 260-14',1739660480,37.56153106689453,126.92469024658203,'듀윗'),(242,'서울 마포구 연남동 381-15',500916307,37.56060791015625,126.9254150390625,'작당모의'),(243,'서울 마포구 연남동 223-111',643413661,37.56476593017578,126.92471313476562,'르쁘띠푸'),(244,'서울 중랑구 상봉동 119',16502539,37.59487533569336,127.0828857421875,'가위소리'),(245,'서울 노원구 공릉동 208-18',16703995,37.62818145751953,127.07779693603516,'쪼매매운떡볶이 공릉점'),(246,'서울 노원구 공릉동 439-2',27515257,37.628787994384766,127.0764389038086,'멍텅구리즉석떡볶이 공릉점'),(247,'서울 노원구 공릉동 440-11',1064474316,37.628814697265625,127.07677459716797,'찬이네곱창'),(248,'서울 노원구 공릉동 439-15',16329163,37.6290397644043,127.07653045654297,'동학'),(249,'부산 강서구 송정동 1627-5',1439523117,35.089500427246094,128.8533477783203,'송정삼정그린코아더시티오피스텔'),(250,'서울 노원구 하계동 59',16877137,37.637062072753906,127.07479858398438,'버거투버거'),(251,'서울 노원구 공릉동 440-18',21413860,37.628936767578125,127.07671356201172,'세겹먹는날'),(252,'서울 노원구 공릉동 424-3',11648405,37.627376556396484,127.07817840576172,'왕짜장'),(253,'대전 동구 중동 60-1',8131572,36.3310546875,127.43098449707031,'한밭식당'),(254,'서울 강남구 역삼동 722',1892969110,37.500831604003906,127.04234313964844,'부엉이제면소'),(255,'서울 노원구 공릉동 438-2',88388237,37.62928771972656,127.07665252685547,'청교옥'),(256,'대전 중구 은행동 145-1',17733090,36.327667236328125,127.42729949951172,'성심당 본점'),(257,'서울 강남구 역삼동 678-10',20089944,37.50240707397461,127.03802490234375,'투썸플레이스 역삼역점'),(258,'서울 노원구 공릉동 737',16762791,37.62725067138672,127.08041381835938,'상기복집'),(259,'대전 유성구 지족동 1026-2',27558110,36.38670349121094,127.30874633789062,'꾸드뱅'),(260,'서울 노원구 공릉동 386-6',1472202260,37.62607192993164,127.07339477539062,'수돈재 공릉점'),(261,'부산 강서구 송정동 1625',17384460,35.09200668334961,128.85330200195312,'희망공원'),(262,'서울 노원구 공릉동 392-2',21412672,37.626583099365234,127.07567596435547,'원조이모네연탄불곱창'),(263,'서울 노원구 공릉2동 745',16062316,37.628334045410156,127.07736206054688,'치즈밥있슈'),(264,'서울 노원구 공릉동 386-6',118701285,37.626041412353516,127.07341003417969,'7일간의양심'),(265,'서울 동작구 본동 8-10',2021405780,37.51231002807617,126.95698547363281,'더한강'),(266,'서울 서초구 잠원동 149',1315931257,37.51875305175781,127.0069580078125,'스타벅스 서울웨이브아트센터점'),(267,'서울 노원구 월계동 267-3',1065429109,37.633941650390625,127.05815887451172,'밥은'),(268,'서울 마포구 망원동 205-8',1752574662,37.553924560546875,126.89591979980469,'스타벅스 망원한강공원점'),(269,'서울 강남구 역삼동 826-20',13064325,37.49518585205078,127.02932739257812,'투썸플레이스 강남대륭타워점'),(270,'서울 강남구 역삼동 814-5',860057640,37.5019645690918,127.02605438232422,'스폰티니피자 강남점'),(271,'서울 노원구 공릉동 437-4',110917805,37.62939453125,127.07594299316406,'밥은화'),(272,'서울 영등포구 영등포동7가 29-35',1647528956,37.52482223510742,126.90766143798828,'여의도숯닭'),(273,'서울 영등포구 영등포동8가 35-1',53375046,37.52674865722656,126.90503692626953,'리마크빌영등포오피스텔'),(274,'서울 영등포구 당산동6가 237-38',21299769,37.53425216674805,126.9029312133789,'허브족발'),(275,'서울 영등포구 영등포동4가 98-12',10546066,37.51824951171875,126.90470123291016,'송죽장'),(276,'서울 영등포구 당산동4가 74-3',1321139288,37.52956008911133,126.89795684814453,'미락카츠 본점'),(277,'서울 영등포구 영등포동4가 442',484128276,37.51713562011719,126.90311431884766,'피에프창 타임스퀘어점'),(278,'서울 구로구 신도림동 432-30',1212235250,37.50623321533203,126.88540649414062,'라마다서울신도림호텔'),(279,'서울 송파구 방이동 88',336210596,37.51881790161133,127.11549377441406,'투썸플레이스 올림픽평화의문점'),(280,'서울 영등포구 영등포동7가 65-6',1474935436,37.52531814575195,126.9051513671875,'파파존스 당산점'),(281,'서울 강남구 역삼동 676',1533964719,37.50348663330078,127.04168701171875,'삼백돈돈가츠 역삼센터필드점'),(282,'서울 영등포구 문래동2가 42-19',1456174621,37.513187408447266,126.89370727539062,'러스트베이커리'),(283,'서울 영등포구 양평동3가 69',745164647,37.52914047241211,126.89369201660156,'코끼리베이글'),(284,'서울 영등포구 영등포동8가 31-7',27116938,37.52631378173828,126.90347290039062,'강창구찹쌀진순대 영등포1호점'),(285,'서울 영등포구 여의도동 13-1',23699720,37.53077697753906,126.92157745361328,'정인면옥 본점'),(286,'서울 영등포구 영등포동4가 442',540172689,37.51704025268555,126.9037857055664,'쿠차라 타임스퀘어점'),(287,'서울 강남구 역삼동 719-24',1065681700,37.50069046020508,127.0404281616211,'슬로우앤로 역삼1호점'),(288,'서울 영등포구 영등포동7가 69-9',498381626,37.52424240112305,126.90471649169922,'비아세라'),(289,'서울 영등포구 영등포동6가 6-5',1750916186,37.520267486572266,126.90403747558594,'스시민 영등포점'),(290,'서울 강남구 역삼동 726',25155819,37.49899673461914,127.03851318359375,'파크루안 역삼점'),(291,'부산 강서구 명지동 3357-6',537887041,35.098373,128.91954,'대독장 명지점'),(292,'부산 강서구 명지동 3432-1',1057909031,35.093746,128.90996,'교촌치킨 명지법원네오점'),(293,'부산 강서구 명지동 3444-5',1112280494,35.0962,128.92334,'참맛우리돼지 명지국제신도시점'),(294,'서울 송파구 석촌동 184-8',495929777,37.506546,127.105515,'교차점'),(295,'서울 송파구 송파동 48-6',1807739168,37.50965,127.11133,'갓잇 송리단길점'),(296,'서울 송파구 송파동 46-4',1951923315,37.508984,127.11067,'다운타우너 잠실'),(297,'서울 송파구 송파동 85-13',558385590,37.50562,127.10896,'오스테리아세콘디'),(298,'서울 송파구 송파동 111-20',123948799,37.505955,127.11052,'아타타카이라멘'),(299,'서울 송파구 송파동 12-3',528967427,37.508045,127.10694,'올더웨이'),(300,'서울 송파구 신천동 7-30',1637356438,37.51589,127.09894,'바스버거 잠실점'),(301,'서울 송파구 송파동 23',2140094297,37.50748,127.10789,'수다감자탕'),(302,'서울 송파구 송파동 12-3',1827974211,37.508015,127.10693,'우프'),(303,'서울 송파구 송파동 55',1440802569,37.510883,127.10913,'미엔아이 송파점'),(304,'서울 마포구 연남동 381-3',1280503510,37.560947,126.92529,'릴린'),(305,'서울 강남구 역삼동 808-4',403186026,37.504158,127.02514,'클라이밍파크'),(306,'서울 마포구 연남동 390-42',1900893477,37.56135,126.92581,'슬로우캘리 연남본점'),(307,'서울 마포구 연남동 229-67',25479306,37.563515,126.925385,'소이연남'),(308,'서울 마포구 연남동 566-56',1630034380,37.56134,126.9224,'궤도연남'),(309,'서울 마포구 연남동 390-68',677695722,37.562237,126.92489,'어나더쉐어'),(310,'서울 마포구 연남동 240-2',607192266,37.56523,126.923615,'갓잇 연남점 (휴업중)'),(311,'서울 마포구 연남동 570-38',1191541006,37.558247,126.919624,'장작집'),(312,'서울 마포구 서교동 463-2',64737691,37.55521,126.91836,'히트커피로스터스 서교점'),(313,'서울 서초구 서초동 1337-32',2029401912,37.492626,127.02958,'손상원클라이밍짐 강남점'),(314,'서울 서대문구 창천동 52-25',1036192129,37.55883,126.93603,'머노까머나 신촌점'),(315,'서울 강남구 역삼동 823-14',807578478,37.49759,127.03199,'더클라임 강남점'),(316,'서울 강남구 역삼동 728-41',24126603,37.497738,127.040985,'클라임이모션'),(317,'서울 마포구 상수동 356-6',2001197337,37.544937,126.92534,'타이프 한강점'),(318,'서울 송파구 오금동 8-5',27288893,37.509693,127.13115,'프로퍼커피바'),(319,'서울 양천구 목동 916',1710598384,37.52645,126.8754,'효월'),(320,'서울 강남구 역삼동 606-33',27227342,37.50633,127.03402,'비블럭클라이밍 강남점'),(321,'서울 서대문구 연희동 89-19',445165609,37.56967,126.93285,'앤트러사이트 연희점'),(322,'서울 서대문구 연희동 137-1',33873746,37.56779,126.93137,'프로토콜'),(323,'서울 서대문구 연희동 188-4',1042463720,37.56637,126.93028,'혹스턴'),(324,'서울 서대문구 연희동 194-25',2097188984,37.56518,126.93093,'궤도연희'),(325,'서울 서대문구 연희동 708-3',2053493147,37.575397,126.928925,'산스'),(326,'서울 강남구 대치동 922-1',1719136770,37.498528,127.052086,'클라이밍파크 한티점'),(327,'서울 중구 충무로4가 32-16',1039797847,37.562523,126.99633,'섬광'),(328,'대전 유성구 봉명동 682-2',200882001,36.35748,127.35022,'원조태평소국밥'),(329,'대전 유성구 덕명동 589-2',1166172377,36.34964,127.29826,'탬파카커피컴퍼니'),(330,'서울 강남구 역삼동 678-24',19789687,37.501987,127.03844,'카즈야'),(331,'서울 강남구 역삼동 733-27',25757567,37.4966,127.040474,'GS25 역삼대로점'),(332,'서울 강남구 대치동 900-11',666951644,37.50211,127.05234,'피슈마라홍탕 선릉점'),(333,'서울 강남구 역삼동 677-2',26829542,37.503117,127.03974,'하남돼지집 역삼1호점'),(334,'경북 구미시 원평동 1037-68',9172399,36.124626,128.34328,'김태주 선산곱창 구미본점'),(335,'경북 구미시 진평동 1043-1',257022275,36.100548,128.42372,'장닭치킨&포차 진평점'),(336,'경북 구미시 산동읍 봉산리 217',1504114385,36.141083,128.44766,'포스코케미칼'),(337,'경북 구미시 옥계동 543',11098259,36.147842,128.41397,'옥계에덴아파트'),(338,'경북 구미시 구평동 449-8',1543886460,36.09275,128.43378,'지지고 구미인동점'),(339,'경북 구미시 인의동 699-9',14518286,36.098633,128.42728,'순수가성 구미점'),(340,'경북 구미시 인의동 345',13083841,36.11014,128.42374,'24시 인동한식뷔페식당'),(341,'경북 구미시 황상동 301-22',1480056630,36.109173,128.42143,'외할머니가 2관'),(342,'서울 강남구 역삼동 820-9',1465968863,37.498924,127.0276,'감성타코 강남역점'),(343,'서울 강남구 역삼동 817-15',856979892,37.50022,127.02798,'역전할머니맥주 강남역CGV점'),(344,'서울 강남구 논현동 167-30',1215382469,37.50724,127.02426,'역전할머니맥주 서울신논현점'),(345,'서울 강남구 역삼동 678-41',20494146,37.501896,127.039345,'스타벅스 역삼대로점'),(346,'서울 강남구 역삼동 670-15',758195835,37.503086,127.03755,'윤포차'),(347,'서울 강남구 역삼동 644-11',19924009,37.501415,127.03503,'미스터피자 역삼점'),(348,'서울 강남구 역삼동 738-10',21339867,37.498985,127.03711,'부산아지매국밥 역삼점'),(349,'서울 강동구 상일동 284-2',24584034,37.54887,127.17229,'현우네양꼬치'),(350,'서울 강동구 상일동 269-6',24661828,37.54924,127.17255,'수줍은삼계탕 상일점'),(351,'서울 강동구 상일동 230',1863765423,37.550724,127.172264,'송하정스시'),(352,'서울 강동구 상일동 256',13293784,37.55046,127.17266,'오손도손연탄화덕구이'),(353,'서울 강동구 명일동 222-3',630064388,37.545506,127.154175,'스윗솔트'),(354,'서울 동작구 상도동 366-42',121846918,37.50389,126.937,'샐러데이즈 장승배기점'),(355,'서울 동작구 상도동 324-30',24194905,37.499184,126.92971,'계림원 상도점'),(356,'서울 강남구 신사동 510-11',1524676291,37.518917,127.02073,'달래해장 신사본점'),(357,'서울 노원구 공릉동 441-19',950204443,37.62789,127.077644,'반갑다연어야 공릉점'),(358,'서울 강남구 역삼동 737',15262500,37.500057,127.03651,'폴바셋 GFC점'),(359,'서울 송파구 송파동 26-7',525462562,37.508183,127.10712,'아우네철판삼겹'),(360,'서울 강남구 역삼동 671-17',14569639,37.503372,127.03846,'이도곰탕 본점'),(361,'서울 강남구 역삼동 737',27349216,37.500046,127.03674,'캘리포니아피자키친 역삼GFC점'),(362,'서울 강남구 역삼동 828-52',1780387311,37.496273,127.03395,'국제수입식당 본점'),(363,'서울 강남구 역삼동 722-6',1113610860,37.499886,127.04217,'만월'),(364,'서울 성동구 성수동2가 317-23',811133457,37.54371,127.05719,'맘스터치 성수역점'),(365,'서울 성동구 성수동2가 301-98',138978252,37.545574,127.05109,'중앙감속기'),(366,'서울 성동구 성수동2가 315-107',99117648,37.543407,127.056595,'땡기면&땡비어'),(367,'서울 성동구 성수동1가 656-448',21237863,37.546265,127.04503,'비사벌 전주콩나물국밥'),(368,'서울 성동구 성수동2가 315-100',13289056,37.54283,127.054405,'소문난성수감자탕'),(369,'서울 성동구 성수동1가 656-36',1663735697,37.543644,127.0463,'차이나플레인 서울숲점'),(370,'서울 성동구 성수동1가 656-940',27417406,37.54696,127.0444,'서울숲누룽지통닭구이'),(371,'서울 성동구 성수동2가 289-236',1806449566,37.546825,127.05495,'성수차이나'),(372,'서울 서대문구 창천동 57-5',1656269956,37.5575443183092,126.935226811733,'타이완소야 진진 신촌본점'),(373,'서울 강남구 역삼동 736-55',782086251,37.4996186252325,127.035862797729,'바나프레소 역삼GFC점'),(374,'서울 강남구 역삼동 641-1',1850394240,37.50292193725799,127.03511569524726,'크리에잇쿠키 역삼점'),(375,'서울 강남구 역삼동 676',1671545166,37.50287487023109,127.04134714989391,'조선팰리스 서울강남'),(376,'서울 강남구 역삼동 814-5',1211948676,37.501915063402585,127.02647495627937,'레드버튼 강남점'),(377,'서울 강남구 역삼동 816-6',897071174,37.5001074514454,127.027327015002,'데블다이스 보드게임카페 강남점'),(378,'서울 노원구 공릉동 345-3',767037599,37.62379165880248,127.07937084549536,'이런씨불닭발'),(379,'서울 강남구 역삼동 738-17',1525232571,37.49841634571,127.036956907111,'아쭈맛나'),(380,'서울 서초구 서초동 1308-24',25506793,37.500688307266806,127.02455876741583,'하남돼지집 강남역1호점'),(381,'서울 강남구 역삼동 619-28',14970165,37.5008354212039,127.02751274934,'메트로빌딩'),(382,'대전 서구 둔산동 1099',1251367005,36.3509721686714,127.374400616222,'정통집 둔산점'),(383,'대전 서구 둔산동 984',9648677,36.3520817639275,127.376901423316,'홀리크로스'),(384,'대전 유성구 죽동 723-7',1255599682,36.37099201881378,127.33962690518682,'라향각마라탕 충대점'),(385,'서울 강남구 역삼동 818-8',26396611,37.4997466599925,127.028959892084,'옐로스톤'),(386,'대전 유성구 전민동 304-6',20953650,36.3993800613774,127.40195258199,'슬로우브레드'),(387,'대전 유성구 전민동 374',12736603,36.40487742530493,127.40294855234069,'베이커리카페 별'),(388,'대전 유성구 문지동 651-12',1813764522,36.39402691726619,127.40548077451054,'샤브마니아 엑스포점'),(389,'대전 서구 만년동 339',18785742,36.3669359671144,127.3805476349631,'베스타뷔페'),(390,'대전 유성구 전민동 368-1',11211004,36.39777407404902,127.40278703318862,'한우곰탕'),(391,'대전 유성구 전민동 298-9',435291940,36.40019563598062,127.3979102567563,'호래양꼬치'),(392,'서울 강남구 역삼동 826-37',737348953,37.495088131532796,127.03025627694441,'바나프레소 강남점'),(393,'서울 용산구 갈월동 89-28',174886074,37.5431031054191,126.971824480861,'카츠야'),(394,'서울 송파구 거여동 178-22',14712044,37.495029211968635,127.14494975904273,'돈까스클럽 거여점'),(395,'대전 유성구 궁동 402-4',2027688510,36.3628798900218,127.35077391195,'까치호랑이'),(396,'대전 유성구 궁동 407-4',23557099,36.3624364216273,127.351418162521,'고래'),(397,'대전 유성구 궁동 425-16',1872385695,36.36153673869162,127.35029657942944,'히사시부리'),(398,'대전 유성구 궁동 395-9',178797162,36.3631083833365,127.348448450356,'코니스'),(399,'부산 해운대구 좌동 1484-2',747915218,35.16875683456384,129.17845233863727,'미뜨보루'),(400,'부산 부산진구 전포동 684-4',667672665,35.1550731461823,129.063126120604,'돈카츠코우엔'),(401,'대전 유성구 봉명동 626-1',941397946,36.3582303956405,127.34500849804,'목구멍 대전봉명점'),(402,'대전 유성구 궁동 410-8',1217730540,36.3626908333173,127.349786985881,'정통집 충남대점'),(403,'서울 송파구 송파동 84-1',1334822813,37.50588806930561,127.10895455643946,'길동우동 석촌점'),(404,'서울 송파구 송파동 7-12',23972457,37.5093691889387,127.105381014855,'도니족발'),(405,'서울 송파구 송파동 46-4',1215442657,37.5090472182996,127.110648910048,'카페노티드 잠실'),(406,'서울 마포구 동교동 152-1',1091899376,37.55997033150569,126.92402213765496,'버터베이커리'),(407,'서울 송파구 방이동 63',1396116679,37.51385006772576,127.10816530789116,'서두산딤섬만두 2호점'),(408,'서울 송파구 송파동 57',27280302,37.51091500221399,127.10772222090235,'멘야하나비 서울본점'),(409,'서울 송파구 방이동 69-9',24506079,37.51337327421469,127.10932060137229,'청화초밥'),(410,'서울 강남구 역삼동 677',1961135055,37.5030125135265,127.039325102259,'족발상회 역삼점'),(411,'서울 강남구 역삼동 718-17',12980740,37.5008608214513,127.039595391969,'탄'),(412,'서울 강남구 역삼동 642-1',2103253212,37.5016405439916,127.035660199005,'갓포돈'),(413,'서울 강남구 역삼동 737',716549653,37.5000238801213,127.036508733456,'후라토식당 역삼점'),(414,'서울 강남구 역삼동 734-11',1200016892,37.496757545382,127.039873675558,'나와일가정'),(415,'서울 강남구 역삼동 725-71',627069449,37.4989688897008,127.03905157029,'전주한일관'),(416,'서울 강남구 역삼동 725-12',16297490,37.4994012448685,127.039436297067,'고갯마루'),(417,'서울 강남구 역삼동 725',8007070,37.4996104983708,127.038771443635,'오발탄 역삼점'),(418,'서울 강남구 역삼동 725-23',21332525,37.5001868037339,127.039789550679,'삼다연 역삼점'),(419,'서울 강남구 역삼동 672-38',18522215,37.5034593260918,127.039583192827,'백운봉막국수 본점'),(420,'서울 강남구 역삼동 673-30',327148272,37.503623202534165,127.03989994556534,'서울집'),(421,'서울 강남구 역삼동 641-8',22424660,37.5027722084076,127.035656213472,'평가옥 역삼점'),(422,'서울 강남구 역삼동 637-23',160405096,37.50088633084061,127.03279637739185,'송화 본점'),(423,'서울 강남구 역삼동 738-11',1628694831,37.4988902139304,127.037151651906,'종로계림닭도리탕원조 역삼점'),(424,'서울 강남구 역삼동 826-26',16382922,37.496604660060775,127.02972765331921,'이자카야 탄'),(425,'서울 강남구 역삼동 722',239902572,37.50045794217797,127.04255927610886,'백리향'),(426,'서울 강남구 역삼동 676',389185402,37.5028820751076,127.041356201384,'차알 역삼센터필드점'),(427,'서울 강남구 역삼동 642',1535497619,37.5008476534587,127.035677916468,'호돌이반점'),(428,'서울 강남구 역삼동 737',1362819847,37.4999824069043,127.036595792247,'차이797 역삼GFC점'),(429,'서울 강남구 역삼동 725-9',1880892231,37.5000176382268,127.03911997024,'베이징코야 역삼동점'),(430,'서울 강남구 역삼동 677-25',8440476,37.50233444005635,127.04084924208225,'스타벅스 큰길타워'),(431,'광주 광산구 도천동 268-18',8331008,35.2095534858591,126.818267838393,'매월농원 하남점'),(432,'광주 광산구 수완동 1386',2114253032,35.1912340501076,126.830452421678,'초돈'),(433,'광주 서구 치평동 1322-2',23258606,35.146385112192,126.845886982597,'팔팔소곱창'),(434,'광주 광산구 수완동 1435',81331642,35.190026458043,126.825531610776,'팔팔소곱창'),(435,'광주 광산구 수완동 1084',1933645889,35.1910429033075,126.825336191948,'상무초밥 수완지구점'),(436,'광주 광산구 수완동 1749',666825593,35.1879286470904,126.83099837974,'이팅룸'),(437,'광주 광산구 장덕동 1531',737039275,35.1899344756684,126.812241936205,'자리봉국밥 수완직영점'),(438,'광주 광산구 수완동 1367',1934807198,35.1914231793904,126.829059772708,'돌곱1991 수완본점'),(439,'서울 서대문구 연희동 132-20',16989015,37.567634311349686,126.93002483696674,'독일빵집'),(440,'서울 영등포구 여의도동 32-1',315801190,37.5225616141188,126.931184615474,'브로트아트'),(441,'서울 서대문구 연희동 125-7',17981297,37.568878020090345,126.92907624259374,'폴앤폴리나 연희동점'),(442,'서울 강남구 삼성동 159-8',20435029,37.50879971854291,127.06052701159585,'딤딤섬 파르나스몰점'),(443,'광주 광산구 오선동 549-1',1899897486,35.2053212919427,126.811552010485,'삼성전자 광주사업장'),(444,'서울 강남구 역삼동 676',960069414,37.503575731989,127.041690214265,'아방베이커리 센터필드점'),(445,'서울 강남구 역삼동 718',811917566,37.5005795750753,127.039988798356,'카페리');
/*!40000 ALTER TABLE `place` ENABLE KEYS */;
UNLOCK TABLES;

--
-- Table structure for table `place_bookmark`
--

DROP TABLE IF EXISTS `place_bookmark`;
/*!40101 SET @saved_cs_client     = @@character_set_client */;
/*!50503 SET character_set_client = utf8mb4 */;
CREATE TABLE `place_bookmark` (
  `id` bigint NOT NULL AUTO_INCREMENT,
  `place_id` bigint DEFAULT NULL,
  `user_id` bigint DEFAULT NULL,
  PRIMARY KEY (`id`),
  KEY `FK6sy7dap868l4sn0b8gid9am96` (`place_id`),
  KEY `FKhot5irfcio47u3exr4360es0n` (`user_id`),
  CONSTRAINT `FK6sy7dap868l4sn0b8gid9am96` FOREIGN KEY (`place_id`) REFERENCES `place` (`id`) ON DELETE CASCADE,
  CONSTRAINT `FKhot5irfcio47u3exr4360es0n` FOREIGN KEY (`user_id`) REFERENCES `user` (`id`) ON DELETE CASCADE
) ENGINE=InnoDB AUTO_INCREMENT=23 DEFAULT CHARSET=utf8mb4 COLLATE=utf8mb4_0900_ai_ci;
/*!40101 SET character_set_client = @saved_cs_client */;

--
-- Dumping data for table `place_bookmark`
--

LOCK TABLES `place_bookmark` WRITE;
/*!40000 ALTER TABLE `place_bookmark` DISABLE KEYS */;
INSERT INTO `place_bookmark` VALUES (1,1,4),(2,13,6),(4,45,3),(5,49,3),(6,46,3),(7,87,6),(8,131,6),(9,132,6),(10,49,1),(11,220,50),(12,294,2),(13,34,61),(14,354,64),(15,173,72),(16,144,24),(17,374,24),(18,121,77),(19,391,4),(20,399,87),(21,403,4),(22,403,18);
/*!40000 ALTER TABLE `place_bookmark` ENABLE KEYS */;
UNLOCK TABLES;

--
-- Table structure for table `review`
--

DROP TABLE IF EXISTS `review`;
/*!40101 SET @saved_cs_client     = @@character_set_client */;
/*!50503 SET character_set_client = utf8mb4 */;
CREATE TABLE `review` (
  `id` bigint NOT NULL AUTO_INCREMENT,
  `content` varchar(255) NOT NULL,
  `emoji_type` int NOT NULL,
  `place_id` bigint DEFAULT NULL,
  `user_id` bigint DEFAULT NULL,
  PRIMARY KEY (`id`),
  KEY `FKn429agmmvh298piqrnnd4gbfg` (`place_id`),
  KEY `FKiyf57dy48lyiftdrf7y87rnxi` (`user_id`),
  CONSTRAINT `FKiyf57dy48lyiftdrf7y87rnxi` FOREIGN KEY (`user_id`) REFERENCES `user` (`id`) ON DELETE CASCADE,
  CONSTRAINT `FKn429agmmvh298piqrnnd4gbfg` FOREIGN KEY (`place_id`) REFERENCES `place` (`id`) ON DELETE CASCADE
) ENGINE=InnoDB AUTO_INCREMENT=515 DEFAULT CHARSET=utf8mb4 COLLATE=utf8mb4_0900_ai_ci;
/*!40101 SET character_set_client = @saved_cs_client */;

--
-- Dumping data for table `review`
--

LOCK TABLES `review` WRITE;
/*!40000 ALTER TABLE `review` DISABLE KEYS */;
INSERT INTO `review` VALUES (1,'멀지만 좋아보임',1,3,1),(2,'맛있엉',2,5,4),(3,'갓성비 굿~ 혼밥도 좋아요',1,6,1),(4,'맛있는데 직원이 메뉴를 다틀림\n',1,8,1),(5,'폭우오면 잠김 9시전에나가야함',1,11,1),(6,'여기서 회식 하고싶어서 킵!',1,15,2),(7,'봉구킹',2,16,4),(8,'여기 육회 줄서서 먹어요!',2,17,6),(9,'몰라 맛있어보임\n',1,18,1),(11,'얼얼하니 좋구나~',1,19,1),(12,'잡채밥 맛집',2,20,6),(13,'강남폭우점',2,11,4),(14,'갓성비는 역시 한솥',1,6,3),(15,'끝나고 가면 대기있음 7시쯤가능 존맛',1,23,1),(16,'숨겨진맛집 존맛이고 여행온거같음',1,25,1),(17,'점심먹고 산책가기 굿 갓성비 \n',1,27,1),(18,'싸피 바로 앞에 있어서 아침에 굳',2,28,3),(19,'역시 노래방은 악쓰는 하마',1,29,3),(21,'맛있는데 응대는 좀 느림',2,30,4),(22,'분위기가 좋음',1,31,1),(24,'맛도리죠?',2,32,4),(25,'맛도리 천국',1,33,4),(27,'아침에 파는 김밥이 맛도리임',2,35,4),(28,'어니언베이글 개맛있음..',1,34,3),(29,'갓성비.. 맛도좋음',1,27,3),(30,'망치 맛집입니다',1,37,2),(31,'가성비 ㅅㅌㅊ',2,38,4),(32,'산책하기 딱 좋음 넓기도 함',2,39,3),(33,'돈없을때 먹을만함',2,40,4),(34,'아아는 맛있음 라떼는 물탄맛',2,31,3),(35,'녹차 관련된 음료가 맛있음',2,41,4),(36,'여기 인테리어가 아주 조음',1,39,4),(37,'전 별로였어요\n',3,41,1),(38,'여기 안가본 싸피생 없을듯…?',1,34,2),(39,'여기까지오면 산책굿',1,39,1),(41,'가격은 좀 있지만 빵냄새 쏘굿\n',1,50,1),(42,'갓성비 개맛도리',1,56,4),(43,'아주머니가 파는 김밥 존맛',1,35,1),(45,'여기 개맛도리임',2,57,4),(46,'칼국수도 맛있는데 파전이 찐이다',1,59,4),(48,'곱창쌀국수 진짜 개맛있음.. 도랐음',1,64,3),(49,'한식먹을때 딱좋은곳',1,68,3),(50,'개맛있음',1,69,3),(51,'맛나용 홍홍',1,70,1),(52,'여기 연어어쩌고가 맛있었는데 사라짐',2,71,3),(53,'강남 어느 닭갈비집보다 양많은곳',1,25,3),(54,'너무맛있어 근데 비쌈',1,73,3),(55,'존맛인데 푸팟퐁커리비쌈 팟타이가 쏘굿',1,72,1),(56,'냠냠 맛있음ㅎㅎㅎㅎㅎ',1,76,3),(57,'그저그렇지만 산책겸 가기좋음',2,79,3),(58,'돈까스 잘튀기네 이집',1,30,1),(59,'맛있음! 강남역에서 제일 맛있는듯',1,19,3),(60,'샐러드파스타맛있음\n',2,67,1),(61,'생각보다 별로였음 인하대점이 더 맛남',2,80,3),(62,'여긴 샹궈가 최고..',1,82,3),(63,'치킨은 언제나 옳죠\n',1,87,1),(64,'생각보다 배가 금방 차니 주의할것',1,88,1),(65,'양이.. 이제는 너무.. 적어...',1,89,1),(66,'나 없이 갔잖아요..ㅡㅡ',2,75,1),(67,'멀캠이랑 핵가까워서 좋음',1,61,1),(69,'아침에가면 품절이라 앱주문 해야함',1,34,1),(70,'아침메뉴.. 쏘쏘..',2,28,1),(71,'큰 방도 있어서 좋아요!!',1,90,1),(72,'너무맛있음',1,88,3),(73,'안가봄 ㅎㅎ',2,91,8),(74,'오늘의 운세보러 가는 곳',2,34,9),(75,'1등 ㅋ',1,14,9),(76,'스벅장실은 기본은 가는법',2,92,8),(77,'건물 자체가 화장실 맛집…\n최고',1,93,2),(78,'라자냐를 먹어줘야 찐 맛집러자냐!',1,95,12),(79,'음식과 술 다 맛있는 신촌 찐맛집',1,96,12),(80,'배달 맛집! 츄베릅',1,97,12),(81,'고깃집',2,98,11),(82,'카공,수다 모두 가능 밀크티랑치케짱',1,99,12),(83,'재즈도 좋구 공부하기도 좋구~',1,100,12),(84,'알고보니 튀김 맛집?!',1,104,12),(85,'내가 사랑하는 속이 편한 이색식당 ',1,105,12),(86,'이대생이 사랑하는 식당 중 한 곳',1,106,12),(87,'맥주랑 떡볶이랑 츄베릅~!',1,107,12),(88,'코커스 마셔는 봤는가?',1,108,12),(89,'이대생들이 북적북적 레몬소주 찬양하자',1,109,12),(90,'깨끗하고 쾌적해요',1,94,1),(91,'김치감자전과 막걸리 짱!!',1,110,12),(92,'양이 진짜ㅏㅏ 많다ㅏㅏ',1,111,12),(93,'빙수 최고 맛집 호밀밭',1,112,12),(94,'안주 괜찮은 막걸리집',1,113,15),(95,'마라샹궈 맛집',1,23,15),(96,'외국인들도 많이 찾아오는 맛집',1,114,15),(97,'안주 괜찮은데 좀 시끄러움 ㅠ',2,115,15),(98,'안주 무난, 칵테일 마시기 좋음',2,116,15),(99,'로제빠네치킨 존맛.',1,117,15),(100,'담백하고 촉촉한 닭가슴살 라멘',1,118,15),(101,'안주 괜찮고 분위기가 좋음',1,119,15),(102,'꿔바로우 맛집',1,120,17),(103,'한신보다 맛있음',1,122,17),(104,'매운크림파스타 좀 마싯음;;',1,123,17),(105,'재료들이 신선하고 양이 푸짐한 편',1,124,5),(106,'가보고 싶다!',2,125,19),(107,'큐레이션이 잘 되어 있는 곳',1,126,19),(108,'조용한 북 카페',2,127,19),(109,'뷰가 좋대!',2,128,19),(110,'가성비 맛집으로 소문난 곳',1,129,6),(111,'밀크티아스크림에 와플까지 딱 좋아!',1,130,12),(112,'맥주가 넘 맛있지롱',1,131,12),(113,'하이볼과 안주 조합 분위기까지 최고',1,132,12),(114,'...더보기',1,134,5),(115,'피크닉가기 좋아요!',1,136,20),(116,'정말 좋아요',1,137,20),(117,'시내에서 가까운 곳 중 하나!',1,138,20),(118,'무등산이랑 가까운 피크닉하기 좋은 곳',1,139,20),(119,'산책하기 정말정말 좋아요!',1,140,20),(120,'피크닉하기 좋아용',1,141,20),(121,'대딩시절 추억의 가성비 분위기 맛집',2,142,21),(122,'여기 분위기 좋고 맛남',1,143,21),(123,'저녁에 야외테라스 사진 잘나와요',2,144,21),(124,'여기 리얼핫플임 칵테일 냠냠',1,145,21),(125,'스트레스와 영원히 작별 할 수 있어요',1,146,5),(126,'너 니기야',1,147,5),(127,'이현규 죽는다\n',3,147,1),(128,'먹어보러가야G ',1,28,22),(129,'몰랐는데 역삼에 생각보다많은게 있었다',1,61,22),(130,'여기진짜존맛\n',1,104,23),(131,'이건인정이지',1,109,23),(132,'코커스레전드',1,108,23),(133,'슈.주 맛집 ㅋㅋ',1,107,23),(134,'내가하려는말다해놨네 아',1,111,23),(135,'여기사장님이하시는 카레집도맛잇음',1,95,23),(136,'개맛잇음',1,88,24),(138,'나름 비싸지 않은 가격으로 알차게 먹을 수 있당',1,83,1),(139,'SOSO',1,34,4),(143,'마시쩡?',2,150,2),(144,'무난무난 혼밥하긴 좋아요',2,28,2),(145,'고기...너무 마시쪄영?',1,160,2),(146,'너무 배불렁',2,34,27),(149,'컨설턴트님들이 자주 출몰하는 멀캠 근처 카페!!!',1,168,31),(150,'멜조림이 기가 맥히는 집?',1,169,33),(151,'만원에 고추장불고기 된장찌개 김치전 공기밥 반찬까지 맛있어요!',1,167,32),(153,'24시 운영 남자탕(뼈해장국) 맛있어요! 술, 밥 다 좋습니다!!',1,166,32),(154,'화산 마라탕? 맛있어요!! 입구에 중국향이 심해요!',1,171,32),(155,'맨날 자리없어요...',1,175,34),(156,'와촌 식육식당 돼지찌개 엄청 맛있어요~!',1,176,32),(158,'건강과 맛을 동시에 챙깁니다.',1,177,32),(159,'아주 좋지만 9시에 일찍닫음 ㅠㅠ',1,11,3),(160,'홀 짜장,짬뽕 현금 3,000원 가성비 굿 배달 1등업체라 맛도 좋아요',1,179,32),(161,'할맥 말해모해',1,175,32),(162,'바로 옆에 엄청 크게 수족관?있고 신선하고 맛있게 먹을 수 있어요!',1,180,32),(163,'로컬 술 2차로 추천합니다!!!\n맛있어요~~',1,181,32),(164,'단골손님 말해모해 안주 찐맛탱 완전 맛있어요!!!!!',1,182,32),(165,'막국수가 미쳤어요? 막걸리에 빈대떡 추가 필수 ✔',1,183,33),(166,'현무암치킨 너무 맛있고 기본안주로 죽 나오는데 엄청 좋아요~ 사람도 많음',1,184,32),(167,'시내에서 술먹을 때 여기가 제일 핫플!',1,185,32),(168,'밤 12시까지 영업합니다',1,187,34),(169,'해외에 놀러간 기분을 낼 수 있는 에스프레소바!',1,49,31),(171,'싸피 구미캠퍼스에서 가장 가까운 스타벅스입니당!',1,188,36),(172,'인스타 갬성카페',1,190,32),(173,'새벽 4시까지 영업합니다.',1,191,34),(174,'멀캠에서 가깝고 육회비빔밥이 짱맛있거든요',1,194,31),(175,'9시까지 영업합니다.',1,195,34),(176,'꼬치구이가 맛있어요 \n오리매운탕도 줍니다. ',1,196,39),(177,'9시까지 영업합니다.\n디저트류가 많습니다.',1,188,34),(178,'갓성비 초밥 맛집',2,197,33),(180,'24시간 영업합니다.\n가끔 시끄러워요.',1,170,34),(181,'고기 짬뽕 맛집! 탕수육도 괜찮아요.',1,192,42),(182,'10시반까지 영업합니다.\n배달 주문이 많아서 조금 시끄러워요.',1,198,34),(183,'솔직히 칼국수는 무조건 여기지',1,199,33),(184,'사람 엄청많은 술집',2,200,32),(185,'일본 장인의 면을 매일 항공직송으로 공수해온다는 일식 맛집',1,201,31),(186,'맥날 디티 !!',1,202,32),(187,'여기도 할맥 있어요!',1,203,32),(188,'주물럭이 정말 맛있어요!',1,204,6),(189,'국물이 탱글탱글하고 면발이 끝내줘요.',1,205,34),(190,'만원짜리 쌈밥정식을 주문하면 제육+쌈채소+해물된찌+각종반찬이 나와요 ',1,160,31),(191,'아침까지 하는 술집!! 맛있어요!',1,206,32),(192,'철쭉 폈을 때 정말 걷기 좋아요~ 평소에도 좋아요',1,207,6),(193,'ㄹㅇ 플레이팅 따위는 볼수 없는 \n메밀소바 맛집',1,208,33),(194,'쌍암공원 뷰를 보며 커피 마시기 최고',1,209,6),(195,'솔직히 전골도 술도둑 ㅇㅈ?',2,56,33),(196,'팀원들이랑 회식한 다음날 가면 해장으로 최고 ㅎㅎ 미나리 듬뿍 부대찌개',1,210,31),(198,'점심에 가볍고 간단하게 먹고 오기 좋은 반미 맛집',1,212,31),(199,'사람은 별로 없지만 조금 좁아요! 10시까지 영업해요.',1,213,34),(200,'스테이크 샐러드가 맛있어요',1,214,31),(203,'2층까지 있어요. 사장님이 친절해요. 10시까지 영업해요. 일요일 휴무.',1,211,34),(204,'강따라 걸어요~ ',2,215,6),(205,'오피스텔 앞 비대면 수업 맛집.. 이였던..',1,219,43),(206,'볶음밥이 진짜다',2,25,4),(207,'된장나물밥(비빔), 제육볶음+된장찌개 7천원!!!',1,186,32),(208,'만원에 즐기는 무한리필 뷔페, 특히 양념게장이 좋습니다.',1,222,32),(209,'전, 막걸리 !!!!',1,223,32),(210,'오코노미야끼 맛집이랍니다',1,224,12),(211,'가성비 고기맛집!',1,225,12),(212,'고기 다 구워주니 조아요',1,226,12),(214,'뜨개카페+사진 찍기 굿',1,227,12),(215,'한식 먹으러 갈래?',1,228,12),(216,'테라스, 수영장 카페 인생샷 꼬고',1,229,12),(217,'케이크 맛집!',1,230,12),(218,'메론소다 비주얼과 레트로 감성 굿',1,231,12),(219,'연희 커피 맛집',1,232,12),(220,'감성 카페!',1,233,12),(221,'마들렌 최고존엄 맛집',1,234,12),(222,'넓찍하고 아주 좋음',1,149,2),(223,'연어장 정식 미쳐씀 가성비 내린다',1,235,12),(224,'한식 먹으러 갈래?2',1,236,12),(225,'찐와플 맛집 낮에는 카페 밤에는 펍',1,237,12),(226,'줄서서 먹는 파스타 맛집',1,238,12),(227,'스테이크 먹으세요',1,239,12),(228,'유우명 푸딩 맛집',1,240,12),(229,'블루리본, 케이크 찐찐맛집, 강추',1,241,12),(230,'연남 인기 카페, 애매한 시간에도 웨이팅',1,242,12),(231,'블루리본, 마카롱 맛집',1,243,12),(232,'리뷰테스트',2,244,4),(233,'밖에서 소리가 들릴까 걱정되지만 내부는 쾌적한 나만의 공간',2,4,8),(234,'개맛있음',1,160,3),(235,'명불허전',1,245,49),(236,'3~4인 점심 최고의 선택',1,246,49),(237,'믿고먹는 가성비 곱창맛집',1,247,49),(238,'과기대 최고의 막걸리집',1,248,49),(240,'과기대 최고의 수제버거집',1,250,49),(241,'떡볶이 맛집... 뷔페식 반찬이 있고 전이 바삭바삭해요',2,161,31),(246,'ㄹㄴㅁㅇㄻㄴ',1,249,50),(247,'점심엔 11시 30분 이후에 가면 S자로 늘어진 직장인 줄을 볼 수 있음',1,83,31),(248,'과기대 최고의 회식장소',1,251,49),(249,'과기대 중식배달 넘버원',1,252,49),(250,'기차 타기 전에 한 뚝배기 하기 좋아요',1,253,6),(251,'식사로도, 해장으로도 최고! 양념장 팍팍',1,56,6),(252,'고등어 온소바가 맛있는데 취미로 장사를 하시는 곳 (쉬는날많음)',1,254,31),(253,'깔끔한 곰탕',1,255,49),(254,'물총탕, 칼국수, 파전 다 맛있어유',1,199,6),(255,'대전하면 성심당이 있지만, 사실 로컬 빵집도 맛있어요',2,256,6),(256,'늦게까지 하고 사람 없어서 조용하고 공부하기 좋음',1,257,31),(257,'알탕 최고 존엄 소주 킬러',1,258,49),(258,'여기 빵 맛있어요~ 앙버터가 특히 맛있어요!!',1,259,6),(259,'감자탕 극락',1,260,49),(260,'수료 후에도 감바리크레마 먹으러 역삼 올 의향 有',1,76,31),(263,'공릉 네임드 곱창집\n최고의맛 대비되는 서비스',1,262,49),(269,'최고의 서비스',1,263,49),(270,'비싼값을 하는 맛\n양갈비 + 가지튀김 국룰',1,264,49),(271,'높은 곳에 있어서 뷰가 좋아요 근데 올라가긴 좀 힘듦...',1,265,6),(272,'역에서 좀 거리가 있지만 가보면 힐링되고 용서됨',1,266,6),(273,'혼밥러 최고의 선택',1,267,49),(274,'합정이나 망원에서 버스타고 한강까지 와서 코딩하세요',1,268,6),(275,'안넓어보이는 외관, 하지만 뒤에 공간 있어요!!',1,269,6),(277,'여기 가성비 맛집임 ??',1,270,6),(278,'혼밥러 최고의 선택',1,271,49),(279,'술맛 오지게나는 구성',1,77,5),(280,'여기. 감자전. 오짐.',1,272,5),(281,'상남자들이 사는 세상',1,273,5),(282,'친구들 데려가기 좋은 곳.',1,274,5),(283,'해장.',1,275,5),(284,'상남자의 낭만편.',1,276,5),(285,'샥라떼가 맛있는데... 텐퍼센트 텐라떼가 더 맛있음 ㅎㅎ',2,70,31),(286,'수금 땡긴 날 가라.',1,277,5),(289,'ㅋㅋ',2,278,51),(290,'텐라떼가 맛있고 컨설턴트님들이 자주 출몰해요',1,79,31),(291,'공간도 넓고 사람도 많아요\n나쁘지 않은 공간',2,279,6),(292,'바나프레소 사장이 되고 싶어요',2,34,31),(293,'배달 한정 1티어.',2,280,5),(294,'불고기+김치찌개+계란찜 만천원 가성비 맛집',1,165,31),(295,'저는 쏘쏘했는데 같이 간 사람들이 인생 돈까스래요 ',1,281,31),(296,'여친이랑. 가라.',2,282,5),(297,'늦으면. 못 묵는다.',3,283,5),(298,'돈가스가 아주 맛나답니다 (튀김옷이 엄청 바삭함)',1,30,3),(299,'벌레 나온적도 있지만. 계속 간다. 그만큼 맛있다.',2,284,5),(300,'삼삼하이 쳐직이노',1,285,5),(301,'고수 빼는 흑우 없제?',1,286,5),(302,'식단중이라면 ㄱㄱ 맛있는 샐러드가 많아요',1,287,31),(303,'여기 진짜 레전드다. 꼭 가라. 저녁엔 안된데이.',1,288,5),(304,'싼마인줄 알았는데. 퀄도 좋드라.',1,289,5),(305,'감튀가 완전 얇고 바삭바삭 파스타도 맛있고 바베큐 야들야들',1,67,31),(306,'분위기가 좋음 왕갈비짬뽕이 맛있다는데 개인적으로 쏘쏘했음',2,290,31),(307,'여기 제일 좋아하는 광신도 실습 코치 있음',1,254,29),(308,'값비싼 고급 돈가스를 맛보고 싶다면...',1,281,29),(309,'맛있어요',1,291,53),(310,'갓 교촌',2,292,53),(311,'맛있고 가격쌈,\n고기 구워줌',1,293,53),(312,'착석',3,4,54),(316,'분위기가 좋아용 에스프레소 다른데보다 훨씬 맛있음',1,49,1),(317,'데이트 맛집',1,297,2),(320,'아뇨 뚱인데요',1,296,6),(321,'미토콘드리아',1,297,6),(323,'여기서 똥냄새나요\n',1,273,1),(324,'수다 떨면서 감자탕먹기 좋은곳',1,301,2),(325,'하남자가 사는 곳',3,273,3),(327,'음머~\n',3,286,1),(329,'미고랭 진심 대박맛있음..',1,304,3),(330,'다이나믹 문제가 많고 재밌어요 ',1,305,31),(331,'포케맛집',1,306,3),(332,'쏘쏘.. 그 스모어 어쩌고는 맛있긴함',2,309,3),(333,'갓잇은 그저 갓',1,310,3),(334,'클라이밍 처음 하는 친구 데려가기 좋은 곳!',1,313,31),(335,'저녁시간에 가면 사람이 어마무시하게 많은',2,315,31),(336,'일일강습이 친절하고 알차요',1,316,31),(338,'열라 작은 잔에주고 6천원 받음 맛은 괜찮음',2,318,3),(339,'재밌어요',1,320,31),(340,'여기 뷰 진짜 짱!!!!!!',1,128,31),(341,'클라이밍하러 모여~!',1,326,31),(342,'조용하고 분위기 좋음',1,327,3),(343,'20층 뷰맛집',2,4,31),(344,'I는 초큼 가기 힘들지두..',2,67,2),(345,'국밥 JMT',1,328,55),(346,'조용히 공부하기 좋은 곳',1,329,55),(348,'분위기 조용하고 안주 맛잇는 막걸리집~!',1,331,52),(349,'돈까스 먹으러가세요',1,330,56),(350,'생각보다 마라탕은 별로에요... 꿔바로우는 괜찮았어요',2,78,6),(351,'피슈마라홍탕 기본은 하는 맛!\n마라마라~맛있어요',1,332,6),(352,'여기서 마라탕, 샹궈 먹으면 진짜 얼얼해요... 백주부의 마라를 맛보세요',1,23,6),(353,'약간 1단계 밍밍한 마라맛... 소스 만들어먹으니 딱 괜찮아요',2,80,6),(354,'사람은 많지만 분위기가 좋아유',1,322,1),(355,'구미 오면 곱창 전골이죠',1,334,57),(356,'후라이드가 기가 막혀요',1,335,57),(357,'동료가 36만원을 빼앗겼습니다',3,336,57),(358,'집밥 맛집',1,337,57),(359,'나 오늘 지지고',1,338,57),(360,'순두부 찌개 맛집',1,339,57),(361,'가성비 굿',1,340,57),(362,'보쌈 굿',1,341,57),(363,'또 머꼬 싶다\n생각난다 생각이나',1,342,2),(364,'I라면…초큼 힐들지두',2,66,2),(365,'추억의밥버거..',1,133,16),(366,'자리는 많지 않은 편이지만 멀캠과 가장 가까운 스벅이라 자주 애용합니다',2,345,10),(367,'안주 종류도 다양하고 사장님이 친근 하십니다. 원탁도 있어서 굳',1,346,10),(368,'간단하게 피맥 하기 좋습니다. 좀 일찍 닫지만 통신사할인 하면 가성비 좋음',1,347,10),(369,'회식보다는 소규모로 뜨뜻~한 국밥에 소주 한잔 하기 좋습니다. 전도 맛있음',1,348,10),(370,'여기 진짜 계속 생각나는 곳',1,88,10),(371,'만남의 장소',1,34,10),(372,'여기는 찐이다! 한적한 상일동에서 유일하게 붐비는 리얼 맛집',1,349,10),(373,'싼편은 아닌데 진짜 값어치 하는 맛,, 국물이 진하다 못해 찐함!',1,350,10),(374,'상일동 유일의 오마카세. 가성비 입문용 오마카세로 유명해서 멀리서도 많이옴',1,351,10),(375,'양념갈비 처돌이는 고기 먹으러 여기갑니다! 모두가 아는 그 맛 양념갈비!',1,352,10),(376,'넓고 주차공간 많은 교외 브런치 카페 느낌을 서울에서 낼 수 있다! 비쌈',2,353,10),(377,'샐러드 양 ㄹㅇ 혜자',1,354,64),(378,'통닭 맛집',1,355,64),(379,'술 안마시는 사람도 소주 까고 나오는 해장집..!',1,356,27),(380,'집에 가고 싶다',1,91,68),(381,'마 시 써 요',1,4,69),(382,'과기대 앞인데 반갑다 연어야가 아직 없다니..... 여기 존맛탱구리입니다',1,357,68),(384,'오트밀크 라떼 존마랭....☕',1,358,2),(386,'특곰탕 존맛.. 혼밥하기도 좋아요',1,360,71),(387,'산책하기 딱인 온도',2,173,72),(388,'가고싶은데 맨날 대기넘침 여유잇을때가야함',2,64,24),(390,'연대 갈때 자주 갔던 곳인데 가지튀김 맛잇어요 ㅎ',1,372,24),(391,'레이디까스 맛있어여 주인장님도 친절하심 밤 늦게 술마시러 가도 좋을듯~',1,330,24),(392,'맨날 사람 많아서 싸피 끝나고 가고싶어도 못가는곳',2,83,24),(393,'이젠 매머드의 시대다',2,34,24),(394,'사람 짱많은데 싸피인 별로 없어서 혼자있기 좋앗음!',1,373,24),(395,'아침에 가면 사람도 적고 풍경도 예뻐서 공부하거나 사진찍기 완전 좋음',1,144,24),(396,'그냥 무난무난하게 예쁜 카페! 깔끔하고 빵이 맛있음',2,3,24),(397,'디게 조용하고 깔끔하고 사진찍기 좋은 아이템들이 많음',1,374,24),(398,'그냥저냥 도심 속 무난한 공원',2,173,24),(399,'20층 뷰 진짜 좋음 특히 혼자앉는자리 뷰 짱좋음',1,4,24),(400,'저녁쯤 가면 풍경이 예뻐서 은근 사진찍기 좋음, 문을 9시 닫아서 아쉽',1,345,24),(401,'가고싶지만 한번도 못가봄',3,375,24),(402,'클라이밍 꼭 한번 해보고 싶어여!',1,326,24),(403,'꿈속에 보았던 신비한 세계~',1,134,24),(405,'아아 보드게임 하고싶다!!!!! ?‍♂️',1,377,24),(406,'보드게임할사람 구해요~ ',1,376,24),(407,'또먹고싶다...',1,307,2),(408,'여기도 과기대 맛집이죠',2,378,2),(409,'무한으로 즐겨요 명륜진사,갈비!',1,86,6),(410,'긴말안함.. 여기 미침..',1,379,74),(411,'친절 명이나물 존맛',1,380,2),(412,'느낌있고 분위기 좋은 갓성비 카페',1,27,6),(414,'여기 돼지 무한리필 있어요',1,381,6),(415,'3반의 힐링카페~ 가끔 컨설턴트님,프로님,코치님들 마주칠 수 있어요~',1,79,6),(416,'샥라떼 맛있어요~ 크기는 작지만',1,70,6),(417,'스타벅스가 스타벅스죠 ㅋ',1,345,5),(418,'싸게싸게 맛있게 먹을수있움',1,56,18),(419,'칼숙수보다 파전에 막걸리다',1,59,18),(420,'마요네즈에 김치고기를 찍어드셍ㅎ',1,382,18),(421,'여기 아이스크림 와플목오여댐',1,383,18),(422,'대전최고마라탕',1,384,18),(423,'여러명이서 함께 공부하기 좋아요!',1,385,6),(424,'개존맛탱냠냠탱',1,386,18),(425,'맛도리도리',1,387,18),(426,'고기가 신선탱',1,388,18),(427,'비싼만큼 마싯ㅅ다',1,389,18),(428,'여기 10년이상 살아남앗음',1,390,18),(429,'진짜 대전에서 먹은 양꼬치중에 젤 마싯더',1,391,18),(430,'빵이맛있어요!',1,34,77),(431,'커피가 맛있어요',1,121,77),(432,'좋아요',1,121,79),(433,'ㅋ커피가 맛이 없어요',3,392,80),(434,'덕구픽',1,393,4),(435,'돈까스클럽',1,394,4),(436,'최근에 갔던 술집이었는데, 실내는 음악 소리가 좀 커서 펍 느낌이었어요',1,395,86),(437,'추워지는 겨울날에 오뎅에 소주나 맥주 한 잔!',1,396,86),(438,'이자카야 좋아한다면 이 곳도 추천!',1,397,86),(439,'시그니쳐 바베큐와 쟌슨빌 소세지!',1,398,86),(440,'최애 돈가스',1,294,2),(441,'호르몬동이 진짜 존맛!!\n대창덮밥이라 느끼할줄 알았는데 소스가 대박입니다',1,399,87),(442,'돈까스는 다 옳습니다!!\n여기 로스카츠가 완전 취저!! ',1,400,87),(443,'맛있고 사장님 친절함',1,294,8),(444,'고기 존맛탱입니다 후',1,401,55),(445,'사람 너무많아서 웨이팅 할지도..',1,402,55),(446,'은열이 베스트픽',1,403,18),(447,'지금까지 이런 멕시칸요리는 없었다..전마랭 ?',1,295,2),(448,'돈코츠 9000원 개꿀임',1,298,2),(449,'여기 진짜 미친듯이 맛있음...',1,295,3),(450,'가성비 내린 수제버거 진짜 맛있음',1,299,2),(451,'김치먹고십다',1,404,18),(452,'줄서서 먹는 다운타우너 다들 아시죠?',1,296,2),(453,'진짜 노티드 최고..크림체고...동물성크림이래요',1,405,2),(454,'버터프레첼 존맛~',1,406,1),(455,'가성비 딤섬집 꼭가세요',1,407,2),(456,'대만식 우육면 맛집 ?',1,303,2),(457,'미쳤음...여기 데려간 사람들 다 여기 팬됐음',1,359,2),(459,'무화과 깜빠뉴...먹어보세요 2번먹으세요 ?',1,302,2),(460,'매깬치즈 꼭 드세요 흑흑 고구마튀김도 드세요',1,300,2),(461,'30분 이상 줄서서 먹긴 아쉽구 걍 먹으면 존마탱',2,408,2),(462,'은열이가 사랑하는 그 맛집',1,403,4),(463,'가성비 초밥집 서비스 요리도 마시씀',1,409,2),(464,'생각보다 맛있었음 꺼억',1,410,1),(465,'냠냠쩝쩝 ',1,346,1),(466,'멀티캠퍼스 1분컷 돈까스',2,411,70),(467,'멀티캠 5분컷 돈까스',2,330,70),(468,'맛은 있는데 대기시간이랑 가격이 좀 있어요',1,281,70),(469,'역삼역 맛집 돈까스 대기열 김!!',1,30,70),(470,'맛있음!',1,412,70),(471,'규카츠 맛집!',1,413,70),(472,'구) 가츠가게 멀긴한데 꼭 먹어보세요 별 다섯개 빵빵',1,414,70),(473,'여기가 맛있다는걸 소문내면안돼...',1,404,2),(474,'맛걸리맛집..? ',2,161,70),(475,'제육+된찌',1,160,70),(476,'역삼 전통의 강호',1,415,70),(477,'역삼 대표 닭도리탕 ',1,416,70),(478,'비싸니까 누구한테 사달라고하세요',2,417,70),(480,'불고기 점심 메뉴 12,000원으로 괜찮아요\n',2,418,70),(481,'육회비빔밥 맛집',1,194,70),(482,'해장하러 많이들 가요\n',1,360,70),(483,'막?? 국수??',3,419,70),(484,'만두국!',1,420,70),(485,'평양냉면에 도전해보세요',2,421,70),(486,'성시경이 찾아온 그맛',1,210,70),(487,'맛있대요',2,422,70),(488,'가성비맛집인데 멀어요',1,165,70),(489,'마늘을 한 국자 넣어줘요 맛있어요',1,423,70),(490,'멀캠에서 가깝고 가격도 나쁘지않은 편',1,424,70),(491,'주택가에 있어요. 줄서서 먹는 맛집',2,363,70),(492,'맛있어요 ',2,425,70),(493,'아메리칸 차이니즈 맛집',1,426,70),(494,'몰?루',2,427,70),(495,'대접하기 좋은 식당\n',1,428,70),(496,'차돌짬뽕 해장용으로 좋아요',1,290,70),(497,'무난한 중국집',2,429,70),(498,'장소도 넓고 멀캠이랑 가까워서 공부하기 좋아요',1,430,8),(499,'광주 오리고기 1등',1,431,102),(500,'말해뭐해.. 광주캠 1등 맛집',1,432,102),(501,'광주 곱창 1등',1,433,102),(502,'광주곱창1등',1,434,102),(503,'광주초밥1등',1,435,102),(504,'파스타 맛집',1,436,102),(506,'저도 여기 알아요!!! 첨단인 반갑습니다아',1,209,102),(507,'이런곳이 있군용',1,215,102),(508,'싸피인들의 소울 푸드',1,437,102),(509,'good',1,438,102),(510,'가지딤섬, 크리스피창펀 존맛',1,442,104),(511,'화장실이 깨끗해요',1,443,106),(512,'다른 빵도 맛나보임',1,444,1),(513,'여기..스테이크가 진짜다',2,398,4),(514,'누룽지맛 사탕 맛 나는 아몬드라떼',2,445,105);
/*!40000 ALTER TABLE `review` ENABLE KEYS */;
UNLOCK TABLES;

--
-- Table structure for table `togethermap`
--

DROP TABLE IF EXISTS `togethermap`;
/*!40101 SET @saved_cs_client     = @@character_set_client */;
/*!50503 SET character_set_client = utf8mb4 */;
CREATE TABLE `togethermap` (
  `id` bigint NOT NULL AUTO_INCREMENT,
  `emoji` varchar(255) NOT NULL,
  `question` varchar(255) NOT NULL,
  `title` varchar(255) NOT NULL,
  `campus_id` bigint DEFAULT NULL,
  PRIMARY KEY (`id`),
  KEY `FKt2mpjo21x6rrb8cko7fypouox` (`campus_id`),
  CONSTRAINT `FKt2mpjo21x6rrb8cko7fypouox` FOREIGN KEY (`campus_id`) REFERENCES `campus` (`id`) ON DELETE CASCADE
) ENGINE=InnoDB AUTO_INCREMENT=31 DEFAULT CHARSET=utf8mb4 COLLATE=utf8mb4_0900_ai_ci;
/*!40101 SET character_set_client = @saved_cs_client */;

--
-- Dumping data for table `togethermap`
--

LOCK TABLES `togethermap` WRITE;
/*!40000 ALTER TABLE `togethermap` DISABLE KEYS */;
INSERT INTO `togethermap` VALUES (1,'⏰????','싸피 교육이 끝나고 어디서 공부하시나요?','공부하기 좋은 장소',1),(2,'?????','이 곳은 찐이다..? 내가 뽑은 캠퍼스 근처 최고 맛집은?','캠퍼스 근처 최고 맛집',1),(3,'?????','히잉..? 꼬르륵.. 돈이없을 때 먹는 갓성비 식당은?','싸월급 전에 가는 갓성비 식당',1),(4,'???☕?','싸피의 Refresh Time! 점심시간에 가장 많이 가는 카페는?','점심 시간에 가기 좋은 카페',1),(5,'?????','싸피 끝나고 치맥 한잔?! 캠퍼스 근처 놀기 좋은 장소는 어디인가요?','캠퍼스 근처 놀기 좋은 장소',1),(6,'????‍♂️?','아주머니 단무지는 빼주세요..? 나만의 혼밥 최고 장소를 찍어주세요','캠퍼스 주변 혼밥 하기 좋은 곳',1),(7,'⏰????','싸피 교육이 끝나고 어디서 공부하시나요?','공부하기 좋은 장소',2),(8,'?????','이 곳은 찐이다..? 내가 뽑은 캠퍼스 근처 최고 맛집은?','캠퍼스 근처 최고 맛집',2),(9,'?????','히잉..? 꼬르륵.. 돈이없을 때 먹는 갓성비 식당은?','싸월급 전에 가는 갓성비 식당',2),(10,'???☕?','싸피의 Refresh Time! 점심시간에 가장 많이 가는 카페는?','점심 시간에 가기 좋은 카페',2),(11,'?????','싸피 끝나고 치맥 한잔?! 캠퍼스 근처 놀기 좋은 장소는 어디인가요?','캠퍼스 근처 놀기 좋은 장소',2),(12,'????‍♂️?','아주머니 단무지는 빼주세요..? 나만의 혼밥 최고 장소를 찍어주세요','캠퍼스 주변 혼밥 하기 좋은 곳',2),(13,'⏰????','싸피 교육이 끝나고 어디서 공부하시나요?','공부하기 좋은 장소',3),(14,'?????','이 곳은 찐이다..? 내가 뽑은 캠퍼스 근처 최고 맛집은?','캠퍼스 근처 최고 맛집',3),(15,'?????','히잉..? 꼬르륵.. 돈이없을 때 먹는 갓성비 식당은?','싸월급 전에 가는 갓성비 식당',3),(16,'???☕?','싸피의 Refresh Time! 점심시간에 가장 많이 가는 카페는?','점심 시간에 가기 좋은 카페',3),(17,'?????','싸피 끝나고 치맥 한잔?! 캠퍼스 근처 놀기 좋은 장소는 어디인가요?','캠퍼스 근처 놀기 좋은 장소',3),(18,'????‍♂️?','아주머니 단무지는 빼주세요..? 나만의 혼밥 최고 장소를 찍어주세요','캠퍼스 주변 혼밥 하기 좋은 곳',3),(19,'⏰????','싸피 교육이 끝나고 어디서 공부하시나요?','공부하기 좋은 장소',4),(20,'?????','이 곳은 찐이다..? 내가 뽑은 캠퍼스 근처 최고 맛집은?','캠퍼스 근처 최고 맛집',4),(21,'?????','히잉..? 꼬르륵.. 돈이없을 때 먹는 갓성비 식당은?','싸월급 전에 가는 갓성비 식당',4),(22,'???☕?','싸피의 Refresh Time! 점심시간에 가장 많이 가는 카페는?','점심 시간에 가기 좋은 카페',4),(23,'?????','싸피 끝나고 치맥 한잔?! 캠퍼스 근처 놀기 좋은 장소는 어디인가요?','캠퍼스 근처 놀기 좋은 장소',4),(24,'????‍♂️?','아주머니 단무지는 빼주세요..? 나만의 혼밥 최고 장소를 찍어주세요','캠퍼스 주변 혼밥 하기 좋은 곳',4),(25,'⏰????','싸피 교육이 끝나고 어디서 공부하시나요?','공부하기 좋은 장소',5),(26,'?????','이 곳은 찐이다..? 내가 뽑은 캠퍼스 근처 최고 맛집은?','캠퍼스 근처 최고 맛집',5),(27,'?????','히잉..? 꼬르륵.. 돈이없을 때 먹는 갓성비 식당은?','싸월급 전에 가는 갓성비 식당',5),(28,'???☕?','싸피의 Refresh Time! 점심시간에 가장 많이 가는 카페는?','점심 시간에 가기 좋은 카페',5),(29,'?????','싸피 끝나고 치맥 한잔?! 캠퍼스 근처 놀기 좋은 장소는 어디인가요?','캠퍼스 근처 놀기 좋은 장소',5),(30,'????‍♂️?','아주머니 단무지는 빼주세요..? 나만의 혼밥 최고 장소를 찍어주세요','캠퍼스 주변 혼밥 하기 좋은 곳',5);
/*!40000 ALTER TABLE `togethermap` ENABLE KEYS */;
UNLOCK TABLES;

--
-- Table structure for table `togethermap_place`
--

DROP TABLE IF EXISTS `togethermap_place`;
/*!40101 SET @saved_cs_client     = @@character_set_client */;
/*!50503 SET character_set_client = utf8mb4 */;
CREATE TABLE `togethermap_place` (
  `id` bigint NOT NULL AUTO_INCREMENT,
  `place_id` bigint DEFAULT NULL,
  `togethermap_id` bigint DEFAULT NULL,
  `user_id` bigint DEFAULT NULL,
  PRIMARY KEY (`id`),
  KEY `FKelduf6yc5hhjdgax4yvytrbxs` (`place_id`),
  KEY `FKj9l5yk0daposw7nvudflgyv8v` (`togethermap_id`),
  KEY `FKqohciy8ofj4r7g7rvytybldxw` (`user_id`),
  CONSTRAINT `FKelduf6yc5hhjdgax4yvytrbxs` FOREIGN KEY (`place_id`) REFERENCES `place` (`id`) ON DELETE CASCADE,
  CONSTRAINT `FKj9l5yk0daposw7nvudflgyv8v` FOREIGN KEY (`togethermap_id`) REFERENCES `togethermap` (`id`) ON DELETE CASCADE,
  CONSTRAINT `FKqohciy8ofj4r7g7rvytybldxw` FOREIGN KEY (`user_id`) REFERENCES `user` (`id`) ON DELETE CASCADE
) ENGINE=InnoDB AUTO_INCREMENT=78 DEFAULT CHARSET=utf8mb4 COLLATE=utf8mb4_0900_ai_ci;
/*!40101 SET character_set_client = @saved_cs_client */;

--
-- Dumping data for table `togethermap_place`
--

LOCK TABLES `togethermap_place` WRITE;
/*!40000 ALTER TABLE `togethermap_place` DISABLE KEYS */;
INSERT INTO `togethermap_place` VALUES (3,6,3,3),(4,28,6,3),(5,29,5,3),(6,27,4,3),(7,36,1,1),(8,61,6,1),(9,34,4,1),(10,101,6,13),(11,103,5,14),(12,121,4,16),(13,345,4,5),(14,133,3,5),(15,134,5,5),(16,83,2,5),(17,148,9,23),(18,373,6,24),(19,34,6,4),(22,149,1,2),(23,150,2,2),(24,161,2,28),(25,281,2,29),(27,164,6,30),(29,167,20,32),(30,160,3,31),(32,169,2,33),(34,170,19,34),(35,175,23,34),(36,173,5,2),(39,178,22,34),(40,11,1,3),(41,186,21,37),(42,188,22,36),(43,196,8,39),(44,193,1,40),(45,192,12,42),(46,216,27,43),(48,219,25,43),(49,220,28,43),(50,221,14,45),(51,25,2,4),(53,254,6,31),(54,257,1,31),(55,76,2,31),(56,385,1,6),(57,270,2,6),(58,79,4,31),(59,291,27,53),(60,292,29,53),(61,293,26,53),(62,326,5,31),(63,328,8,55),(64,329,7,55),(65,330,2,56),(66,345,1,10),(67,356,2,27),(68,70,4,6),(69,358,4,2),(70,360,6,71),(71,376,5,24),(72,379,2,74),(73,392,4,80),(74,424,3,70),(75,430,1,8),(76,437,15,102),(77,445,4,105);
/*!40000 ALTER TABLE `togethermap_place` ENABLE KEYS */;
UNLOCK TABLES;

--
-- Table structure for table `user`
--

DROP TABLE IF EXISTS `user`;
/*!40101 SET @saved_cs_client     = @@character_set_client */;
/*!50503 SET character_set_client = utf8mb4 */;
CREATE TABLE `user` (
  `id` bigint NOT NULL AUTO_INCREMENT,
  `emoji` varchar(255) NOT NULL,
  `kakao_id` bigint NOT NULL,
  `nickname` varchar(10) NOT NULL,
  `campus_id` bigint DEFAULT NULL,
  PRIMARY KEY (`id`),
  UNIQUE KEY `UK_n4swgcf30j6bmtb4l4cjryuym` (`nickname`),
  KEY `FK4n8iy5figgcyabhj6s7xbdg0x` (`campus_id`),
  CONSTRAINT `FK4n8iy5figgcyabhj6s7xbdg0x` FOREIGN KEY (`campus_id`) REFERENCES `campus` (`id`) ON DELETE CASCADE
) ENGINE=InnoDB AUTO_INCREMENT=108 DEFAULT CHARSET=utf8mb4 COLLATE=utf8mb4_0900_ai_ci;
/*!40101 SET character_set_client = @saved_cs_client */;

--
-- Dumping data for table `user`
--

LOCK TABLES `user` WRITE;
/*!40000 ALTER TABLE `user` DISABLE KEYS */;
INSERT INTO `user` VALUES (1,'?',2509519338,'돌아온프레첼공주',1),(2,'?',2508799918,'오팬무',1),(3,'?',2509731836,'애플힙',1),(4,'?',2516812120,'길동우동테러범',1),(5,'?',2508616135,'뭘보노',1),(6,'?',2514897296,'비니',1),(7,'?',2524258450,'싸핀러#7',1),(8,'?',2521973855,'출결보단응가',1),(9,'?',2524393417,'싸핀러#9',1),(10,'?',2524395757,'차유차유',1),(11,'?',2524425093,'싸핀러#11',1),(12,'?',2524437876,'귀욤공주준건',1),(13,'?',2524449506,'킹은열 리스펙',1),(14,'?',2524450778,'싸핀러#14',1),(15,'?',2524465836,'설이친구',1),(16,'?',2524475118,'@_@',1),(17,'?',2524476351,'싸핀러#17',1),(18,'?',2524092995,'꼬깔콘파괴자',2),(19,'?',2524478231,'진순',1),(20,'?',2524505246,'yoong',3),(21,'?',2524581318,'짱유',1),(22,'?',2524749118,'싸핀러#22',1),(23,'?',2524819491,'SSG우승',1),(24,'?',2524891261,'1핀2핀3핀4핀',1),(25,'?',2525056255,'싸핀러#25',1),(26,'?',2525061060,'싸핀러#26',1),(27,'?',2525064578,'특수문자는안되네요',1),(28,'?',2525068725,'난정말촉촉',1),(29,'?',2525069976,'싸엘라싸티리비',1),(30,'?',2525075959,'싸핀러#30',1),(31,'?',2525085340,'바보카도',1),(32,'?',2525085511,'구미여행',4),(33,'?',2525086021,'싫은데요',1),(34,'?',2525088481,'싸핀러#34',4),(35,'?',2525091564,'싸핀러#35',1),(36,'?',2525093530,'싸핀러#36',1),(37,'?',2525095321,'싸핀러#37',4),(38,'?',2525099857,'싸핀러#38',1),(39,'?',2525100351,'구스#39',2),(40,'?',2525103684,'BTS봉준호손흥민',1),(41,'?',2525104065,'싸핀러#41',1),(42,'?',2525106716,'싸핀러#42',2),(43,'?',2525110352,'싸핀러#43',5),(44,'?',2525117895,'싸핀러#44',1),(45,'?',2525120826,'싸핀러#45',1),(46,'?',2525137075,'싸핀러#46',1),(47,'?',2525141301,'싸핀러#47',4),(48,'?',2525149626,'구미지키미#48',4),(49,'?',2525896985,'싸피휴지도둑오뚜기',1),(50,'?',2525899271,'싸핀러#50',5),(51,'?',2525943024,'싸핀러#51',1),(52,'?',2525967303,'쭌이들파파',1),(53,'?',2526028716,'싸핀러#53',5),(54,'?',2526054740,'서울19반 반장',1),(55,'?',2526308293,'크링#55',2),(56,'?',2526319672,'역삼동자전거도둑',1),(57,'?',2526450928,'사파 zl존',4),(58,'?',2526468671,'흑석동검은짱돌',3),(59,'?',2526240218,'싸핀러#59',1),(60,'?',2527313626,'크리스마스트리',1),(61,'?',2527464121,'동근',1),(62,'?',2527540675,'ldg',1),(63,'?',2527602434,'쨔라란',1),(64,'?',2527606529,'외계인',1),(65,'?',2527608714,'싸핀러#65',1),(66,'?',2527888317,'항개만',1),(67,'?',2527942991,'집에가고싶어요',1),(68,'?',2536932469,'설캠=상빈',1),(69,'?',2536936831,'싸핀러#69',1),(70,'?',2526417339,'김덕구mk2',1),(71,'?',2536952927,'설3 맛집헌터',1),(72,'?',2536976653,'온소바스게',1),(73,'?',2537304959,'싸핀러#73',2),(74,'?',2537685773,'mino',1),(75,'?',2537792721,'대죤',2),(76,'?',2538286960,'싸핀러#76',1),(77,'?',2538289109,'싸핀러#77',1),(78,'?',2538297156,'김덕구',1),(79,'?',2538301065,'싸핀러#79',1),(80,'?',2538305068,'싸핀러#80',1),(81,'?',2538312084,'와시',1),(82,'?',2538315093,'싸핀러#82',1),(83,'?',2538342523,'강혜지',4),(84,'?',2538346957,'싸핀러#84',1),(85,'?',2538349787,'싸핀러#85',1),(86,'?',2538350701,'싸핀러#86',2),(87,'?',2538381062,'싸핀러#87',5),(88,'?',2538381682,'2밍',1),(89,'?',2538383830,'333551146',1),(90,'?',2538401289,'싸핀러#90',1),(91,'?',2538442970,'싸핀러#91',1),(92,'?',2538447155,'싸핀러#92',1),(93,'?',2538447386,'싸핀러#93',1),(94,'?',2538493470,'싸핀러#94',1),(95,'?',2538614871,'960311',1),(96,'?',2538689511,'싸핀러#96',1),(97,'?',2539059709,'유우',4),(98,'?',2539182553,'하양모지',1),(99,'?',2539222167,'싸핀러#99',1),(100,'?',2539228460,'기욤둥이짠',1),(101,'?',2539271261,'싸핀러#101',1),(102,'?',2539434534,'어머니는짜장면에밥까',3),(103,'?',2539493764,'퀄리티쩐다',1),(104,'?',2539675339,'공오니',1),(105,'?',2539678459,'싸핀러#105',1),(106,'?',2539688403,'싸핀러#106',3),(107,'?',2540749282,'싸핀러#107',1);
/*!40000 ALTER TABLE `user` ENABLE KEYS */;
UNLOCK TABLES;

--
-- Table structure for table `user_ranking`
--

DROP TABLE IF EXISTS `user_ranking`;
/*!40101 SET @saved_cs_client     = @@character_set_client */;
/*!50503 SET character_set_client = utf8mb4 */;
CREATE TABLE `user_ranking` (
  `id` bigint NOT NULL AUTO_INCREMENT,
  `map_count` bigint NOT NULL,
  `user_id` bigint DEFAULT NULL,
  PRIMARY KEY (`id`),
  KEY `FK6fpvqitc43hh6tg37191tc9uk` (`user_id`),
  CONSTRAINT `FK6fpvqitc43hh6tg37191tc9uk` FOREIGN KEY (`user_id`) REFERENCES `user` (`id`) ON DELETE CASCADE
) ENGINE=InnoDB AUTO_INCREMENT=64 DEFAULT CHARSET=utf8mb4 COLLATE=utf8mb4_0900_ai_ci;
/*!40101 SET character_set_client = @saved_cs_client */;

--
-- Dumping data for table `user_ranking`
--

LOCK TABLES `user_ranking` WRITE;
/*!40000 ALTER TABLE `user_ranking` DISABLE KEYS */;
INSERT INTO `user_ranking` VALUES (48,3,70),(49,3,12),(50,2,10),(51,2,49),(52,2,62),(53,1,18),(54,1,55),(55,1,86),(56,2,102),(57,1,20),(58,1,106),(59,1,32),(60,1,34),(61,1,57),(62,1,50),(63,1,87);
/*!40000 ALTER TABLE `user_ranking` ENABLE KEYS */;
UNLOCK TABLES;
/*!40103 SET TIME_ZONE=@OLD_TIME_ZONE */;

/*!40101 SET SQL_MODE=@OLD_SQL_MODE */;
/*!40014 SET FOREIGN_KEY_CHECKS=@OLD_FOREIGN_KEY_CHECKS */;
/*!40014 SET UNIQUE_CHECKS=@OLD_UNIQUE_CHECKS */;
/*!40101 SET CHARACTER_SET_CLIENT=@OLD_CHARACTER_SET_CLIENT */;
/*!40101 SET CHARACTER_SET_RESULTS=@OLD_CHARACTER_SET_RESULTS */;
/*!40101 SET COLLATION_CONNECTION=@OLD_COLLATION_CONNECTION */;
/*!40111 SET SQL_NOTES=@OLD_SQL_NOTES */;

-- Dump completed on 2022-11-19 20:30:04
